-- MySQL dump 10.17  Distrib 10.3.25-MariaDB, for debian-linux-gnu (x86_64)
--
-- Host: localhost    Database: backend
-- ------------------------------------------------------
-- Server version	10.3.25-MariaDB-0ubuntu0.20.04.1

/*!40101 SET @OLD_CHARACTER_SET_CLIENT=@@CHARACTER_SET_CLIENT */;
/*!40101 SET @OLD_CHARACTER_SET_RESULTS=@@CHARACTER_SET_RESULTS */;
/*!40101 SET @OLD_COLLATION_CONNECTION=@@COLLATION_CONNECTION */;
/*!40101 SET NAMES utf8mb4 */;
/*!40103 SET @OLD_TIME_ZONE=@@TIME_ZONE */;
/*!40103 SET TIME_ZONE='+00:00' */;
/*!40014 SET @OLD_UNIQUE_CHECKS=@@UNIQUE_CHECKS, UNIQUE_CHECKS=0 */;
/*!40014 SET @OLD_FOREIGN_KEY_CHECKS=@@FOREIGN_KEY_CHECKS, FOREIGN_KEY_CHECKS=0 */;
/*!40101 SET @OLD_SQL_MODE=@@SQL_MODE, SQL_MODE='NO_AUTO_VALUE_ON_ZERO' */;
/*!40111 SET @OLD_SQL_NOTES=@@SQL_NOTES, SQL_NOTES=0 */;

--
-- Table structure for table `admission`
--

DROP TABLE IF EXISTS `admission`;
/*!40101 SET @saved_cs_client     = @@character_set_client */;
/*!40101 SET character_set_client = utf8 */;
CREATE TABLE `admission` (
  `id` int(11) NOT NULL AUTO_INCREMENT,
  `createdAt` datetime NOT NULL DEFAULT current_timestamp(),
  `updatedAt` datetime DEFAULT NULL ON UPDATE current_timestamp(),
  `resultatQualitatif` text NOT NULL,
  `dateCapitalisation` datetime NOT NULL,
  `domainesId` int(11) DEFAULT NULL,
  `etudiantsId` int(11) DEFAULT NULL,
  `resultatQuantitatif` decimal(5,2) NOT NULL,
  PRIMARY KEY (`id`),
  KEY `FK_a79aa6038ebb378733b421d2368` (`domainesId`),
  KEY `FK_ebf2a0d482a27ed52e0b953142f` (`etudiantsId`),
  CONSTRAINT `FK_a79aa6038ebb378733b421d2368` FOREIGN KEY (`domainesId`) REFERENCES `domaine` (`id`) ON DELETE NO ACTION ON UPDATE NO ACTION,
  CONSTRAINT `FK_ebf2a0d482a27ed52e0b953142f` FOREIGN KEY (`etudiantsId`) REFERENCES `etudiant` (`id`) ON DELETE NO ACTION ON UPDATE NO ACTION
) ENGINE=InnoDB AUTO_INCREMENT=9 DEFAULT CHARSET=utf8mb4;
/*!40101 SET character_set_client = @saved_cs_client */;

--
-- Dumping data for table `admission`
--

LOCK TABLES `admission` WRITE;
/*!40000 ALTER TABLE `admission` DISABLE KEYS */;
INSERT INTO `admission` VALUES (1,'2021-04-17 17:27:49',NULL,'AJ','2021-04-16 12:00:00',1,541,2.00),(2,'2021-04-17 17:29:10',NULL,'AJ','2021-04-16 12:00:00',1,541,1.00),(3,'2021-04-17 17:29:45',NULL,'MOY','2021-04-16 12:00:00',1,1,4.00),(4,'2021-04-17 17:31:35',NULL,'ADM','2021-04-16 12:00:00',1,29,5.00),(5,'2021-04-19 20:12:40',NULL,'AJ','2021-04-16 12:00:00',1,53,1.00),(6,'2021-04-19 20:16:45',NULL,'ADM','2021-04-16 12:00:00',1,490,2.00),(7,'2021-04-19 20:19:27',NULL,'AJ','2021-04-16 12:00:00',1,36,1.00),(8,'2021-04-19 20:20:12',NULL,'ADM','2021-04-16 12:00:00',1,36,4.00);
/*!40000 ALTER TABLE `admission` ENABLE KEYS */;
UNLOCK TABLES;

--
-- Table structure for table `barre`
--

DROP TABLE IF EXISTS `barre`;
/*!40101 SET @saved_cs_client     = @@character_set_client */;
/*!40101 SET character_set_client = utf8 */;
CREATE TABLE `barre` (
  `id` int(11) NOT NULL AUTO_INCREMENT,
  `createdAt` datetime NOT NULL DEFAULT current_timestamp(),
  `updatedAt` datetime DEFAULT NULL ON UPDATE current_timestamp(),
  `annee` int(11) NOT NULL,
  `seuil` decimal(5,2) NOT NULL,
  PRIMARY KEY (`id`)
) ENGINE=InnoDB AUTO_INCREMENT=3 DEFAULT CHARSET=utf8mb4;
/*!40101 SET character_set_client = @saved_cs_client */;

--
-- Dumping data for table `barre`
--

LOCK TABLES `barre` WRITE;
/*!40000 ALTER TABLE `barre` DISABLE KEYS */;
INSERT INTO `barre` VALUES (1,'2021-04-16 09:25:04',NULL,2021,10.00),(2,'2021-04-16 09:25:36',NULL,2020,9.00);
/*!40000 ALTER TABLE `barre` ENABLE KEYS */;
UNLOCK TABLES;

--
-- Table structure for table `copie`
--

DROP TABLE IF EXISTS `copie`;
/*!40101 SET @saved_cs_client     = @@character_set_client */;
/*!40101 SET character_set_client = utf8 */;
CREATE TABLE `copie` (
  `id` int(11) NOT NULL AUTO_INCREMENT,
  `createdAt` datetime NOT NULL DEFAULT current_timestamp(),
  `updatedAt` datetime DEFAULT NULL ON UPDATE current_timestamp(),
  `note` int(11) NOT NULL,
  `etudiantId` int(11) DEFAULT NULL,
  `domaineId` int(11) DEFAULT NULL,
  `lotId` int(11) DEFAULT NULL,
  `epreuveId` int(11) DEFAULT NULL,
  PRIMARY KEY (`id`),
  KEY `FK_1d1bf9e3d91708b297b4e82a955` (`etudiantId`),
  KEY `FK_6b409f12b8cda7e8facd42250e7` (`domaineId`),
  KEY `FK_8a0ca1eb1a3c6babfc0119d845f` (`lotId`),
  KEY `FK_87cc2e3edc619c2532a9a2ed5bc` (`epreuveId`),
  CONSTRAINT `FK_1d1bf9e3d91708b297b4e82a955` FOREIGN KEY (`etudiantId`) REFERENCES `etudiant` (`id`) ON DELETE NO ACTION ON UPDATE NO ACTION,
  CONSTRAINT `FK_6b409f12b8cda7e8facd42250e7` FOREIGN KEY (`domaineId`) REFERENCES `domaine` (`id`) ON DELETE NO ACTION ON UPDATE NO ACTION,
  CONSTRAINT `FK_87cc2e3edc619c2532a9a2ed5bc` FOREIGN KEY (`epreuveId`) REFERENCES `epreuve` (`id`) ON DELETE NO ACTION ON UPDATE NO ACTION,
  CONSTRAINT `FK_8a0ca1eb1a3c6babfc0119d845f` FOREIGN KEY (`lotId`) REFERENCES `lot` (`id`) ON DELETE NO ACTION ON UPDATE NO ACTION
) ENGINE=InnoDB AUTO_INCREMENT=22 DEFAULT CHARSET=utf8mb4;
/*!40101 SET character_set_client = @saved_cs_client */;

--
-- Dumping data for table `copie`
--

LOCK TABLES `copie` WRITE;
/*!40000 ALTER TABLE `copie` DISABLE KEYS */;
INSERT INTO `copie` VALUES (5,'2021-04-16 11:18:09',NULL,4,55,1,1,1),(6,'2021-04-16 11:20:16',NULL,4,55,1,1,1),(7,'2021-04-16 19:41:43',NULL,4,121,1,1,1),(8,'2021-04-17 17:16:20',NULL,3,NULL,1,1,1),(9,'2021-04-17 17:19:38',NULL,1,NULL,2,1,2),(10,'2021-04-17 17:20:53',NULL,1,NULL,2,1,2),(11,'2021-04-17 17:27:49',NULL,2,541,1,1,1),(12,'2021-04-17 17:29:10',NULL,1,541,1,1,2),(13,'2021-04-17 17:29:45',NULL,4,1,1,1,2),(14,'2021-04-17 17:31:35',NULL,5,29,1,1,1),(15,'2021-04-19 20:07:17',NULL,1,543,1,1,1),(16,'2021-04-19 20:10:01',NULL,1,543,1,1,1),(17,'2021-04-19 20:11:23',NULL,1,543,2,1,2),(18,'2021-04-19 20:12:40',NULL,1,53,1,1,1),(19,'2021-04-19 20:16:45',NULL,2,490,1,1,1),(20,'2021-04-19 20:19:27',NULL,1,36,1,1,1),(21,'2021-04-19 20:20:12',NULL,4,36,1,1,1);
/*!40000 ALTER TABLE `copie` ENABLE KEYS */;
UNLOCK TABLES;

--
-- Table structure for table `correcteur`
--

DROP TABLE IF EXISTS `correcteur`;
/*!40101 SET @saved_cs_client     = @@character_set_client */;
/*!40101 SET character_set_client = utf8 */;
CREATE TABLE `correcteur` (
  `id` int(11) NOT NULL AUTO_INCREMENT,
  `createdAt` datetime NOT NULL DEFAULT current_timestamp(),
  `updatedAt` datetime DEFAULT NULL ON UPDATE current_timestamp(),
  `pseudo` text NOT NULL,
  `lotId` int(11) DEFAULT NULL,
  PRIMARY KEY (`id`),
  KEY `FK_e50a540f373dda49c9dc4921498` (`lotId`),
  CONSTRAINT `FK_e50a540f373dda49c9dc4921498` FOREIGN KEY (`lotId`) REFERENCES `lot` (`id`) ON DELETE NO ACTION ON UPDATE NO ACTION
) ENGINE=InnoDB AUTO_INCREMENT=2 DEFAULT CHARSET=utf8mb4;
/*!40101 SET character_set_client = @saved_cs_client */;

--
-- Dumping data for table `correcteur`
--

LOCK TABLES `correcteur` WRITE;
/*!40000 ALTER TABLE `correcteur` DISABLE KEYS */;
INSERT INTO `correcteur` VALUES (1,'2021-04-16 10:18:18',NULL,'testcorrecteur',NULL);
/*!40000 ALTER TABLE `correcteur` ENABLE KEYS */;
UNLOCK TABLES;

--
-- Table structure for table `domaine`
--

DROP TABLE IF EXISTS `domaine`;
/*!40101 SET @saved_cs_client     = @@character_set_client */;
/*!40101 SET character_set_client = utf8 */;
CREATE TABLE `domaine` (
  `id` int(11) NOT NULL AUTO_INCREMENT,
  `createdAt` datetime NOT NULL DEFAULT current_timestamp(),
  `updatedAt` datetime DEFAULT NULL ON UPDATE current_timestamp(),
  `nom` text NOT NULL,
  PRIMARY KEY (`id`)
) ENGINE=InnoDB AUTO_INCREMENT=3 DEFAULT CHARSET=utf8mb4;
/*!40101 SET character_set_client = @saved_cs_client */;

--
-- Dumping data for table `domaine`
--

LOCK TABLES `domaine` WRITE;
/*!40000 ALTER TABLE `domaine` DISABLE KEYS */;
INSERT INTO `domaine` VALUES (1,'2021-04-16 09:10:01',NULL,'Domaine D1: Travailler dans un environnement numérique évolutif'),(2,'2021-04-16 09:10:17',NULL,'Domaine D3: Produire, traiter, exploiter et diffuser desdocuments numériques');
/*!40000 ALTER TABLE `domaine` ENABLE KEYS */;
UNLOCK TABLES;

--
-- Table structure for table `epreuve`
--

DROP TABLE IF EXISTS `epreuve`;
/*!40101 SET @saved_cs_client     = @@character_set_client */;
/*!40101 SET character_set_client = utf8 */;
CREATE TABLE `epreuve` (
  `id` int(11) NOT NULL AUTO_INCREMENT,
  `createdAt` datetime NOT NULL DEFAULT current_timestamp(),
  `updatedAt` datetime DEFAULT NULL ON UPDATE current_timestamp(),
  `nom` text NOT NULL,
  `anneeEpreuve` int(11) NOT NULL,
  `barreId` int(11) DEFAULT NULL,
  PRIMARY KEY (`id`),
  KEY `FK_a3520acb93148222063380ed766` (`barreId`),
  CONSTRAINT `FK_a3520acb93148222063380ed766` FOREIGN KEY (`barreId`) REFERENCES `barre` (`id`) ON DELETE NO ACTION ON UPDATE NO ACTION
) ENGINE=InnoDB AUTO_INCREMENT=3 DEFAULT CHARSET=utf8mb4;
/*!40101 SET character_set_client = @saved_cs_client */;

--
-- Dumping data for table `epreuve`
--

LOCK TABLES `epreuve` WRITE;
/*!40000 ALTER TABLE `epreuve` DISABLE KEYS */;
INSERT INTO `epreuve` VALUES (1,'2021-04-16 09:14:10','2021-04-16 11:05:48','E2021',2021,1),(2,'2021-04-16 09:14:10','2021-04-16 11:05:14','E2020',2020,2);
/*!40000 ALTER TABLE `epreuve` ENABLE KEYS */;
UNLOCK TABLES;

--
-- Table structure for table `etudiant`
--

DROP TABLE IF EXISTS `etudiant`;
/*!40101 SET @saved_cs_client     = @@character_set_client */;
/*!40101 SET character_set_client = utf8 */;
CREATE TABLE `etudiant` (
  `id` int(11) NOT NULL AUTO_INCREMENT,
  `createdAt` datetime NOT NULL DEFAULT current_timestamp(),
  `updatedAt` datetime DEFAULT NULL ON UPDATE current_timestamp(),
  `nom` text NOT NULL,
  `prenom` text NOT NULL,
  `epreuveId` int(11) DEFAULT NULL,
  `groupeId` int(11) DEFAULT NULL,
  `ufrId` int(11) DEFAULT NULL,
  `vagueId` int(11) DEFAULT NULL,
  `idetudiant` int(11) NOT NULL,
  PRIMARY KEY (`id`),
  KEY `FK_c8ecf103eac04c4249e84247513` (`epreuveId`),
  KEY `FK_448742fe7852eafc9a7eb750a7c` (`groupeId`),
  KEY `FK_eac81ff9f3ca2c42c93534c0777` (`ufrId`),
  KEY `FK_8029ef48f85eebb8b507e219647` (`vagueId`),
  CONSTRAINT `FK_448742fe7852eafc9a7eb750a7c` FOREIGN KEY (`groupeId`) REFERENCES `groupe` (`id`) ON DELETE NO ACTION ON UPDATE NO ACTION,
  CONSTRAINT `FK_8029ef48f85eebb8b507e219647` FOREIGN KEY (`vagueId`) REFERENCES `vague` (`id`) ON DELETE NO ACTION ON UPDATE NO ACTION,
  CONSTRAINT `FK_c8ecf103eac04c4249e84247513` FOREIGN KEY (`epreuveId`) REFERENCES `epreuve` (`id`) ON DELETE NO ACTION ON UPDATE NO ACTION,
  CONSTRAINT `FK_eac81ff9f3ca2c42c93534c0777` FOREIGN KEY (`ufrId`) REFERENCES `ufr` (`id`) ON DELETE NO ACTION ON UPDATE NO ACTION
) ENGINE=InnoDB AUTO_INCREMENT=546 DEFAULT CHARSET=utf8mb4;
/*!40101 SET character_set_client = @saved_cs_client */;

--
-- Dumping data for table `etudiant`
--

LOCK TABLES `etudiant` WRITE;
/*!40000 ALTER TABLE `etudiant` DISABLE KEYS */;
INSERT INTO `etudiant` VALUES (1,'2021-04-14 08:59:00','2021-04-16 11:20:02','ELFASSY','ALLAN',NULL,NULL,NULL,1,90000018),(2,'2021-04-14 09:03:17','2021-04-16 11:20:02','ELFASSY','ALLAN',NULL,NULL,NULL,1,90000018),(3,'2021-04-14 09:07:43','2021-04-16 11:20:02','ELFASSY','ALLAN',NULL,NULL,NULL,1,90000018),(4,'2021-04-14 09:07:43','2021-04-16 11:20:02','LERAY','ADIL',NULL,NULL,NULL,1,60000017),(5,'2021-04-14 09:07:43','2021-04-16 11:20:02','ZHAO','SOPHIE',NULL,NULL,NULL,1,20000034),(6,'2021-04-14 09:07:43','2021-04-16 11:20:02','ZHANG','YU QI',NULL,NULL,NULL,1,20000033),(7,'2021-04-14 09:07:43','2021-04-16 11:20:02','VONGSAVANH','DAVID',NULL,NULL,NULL,1,20000032),(8,'2021-04-14 09:07:43','2021-04-16 11:20:02','VAN CO','MATHILDE',NULL,NULL,NULL,1,20000031),(9,'2021-04-14 09:07:43','2021-04-16 11:20:02','TE','GABRIEL',NULL,NULL,NULL,1,20000030),(10,'2021-04-14 09:07:43','2021-04-16 11:20:02','SA','JULES',NULL,NULL,NULL,1,20000029),(11,'2021-04-14 09:07:43','2021-04-16 11:20:02','POMAREDE','DAWOUD',NULL,NULL,NULL,1,20000028),(12,'2021-04-14 09:07:43','2021-04-16 11:20:02','ONARAN','YASMINE',NULL,NULL,NULL,1,20000027),(13,'2021-04-14 09:07:43','2021-04-16 11:20:02','NGUYEN','TOAN',NULL,NULL,NULL,1,20000026),(14,'2021-04-14 09:07:43','2021-04-16 11:20:02','NGUYEN','DANY',NULL,NULL,NULL,1,20000025),(15,'2021-04-14 09:07:43','2021-04-16 11:20:02','NEVEU','ANNE CECILE',NULL,NULL,NULL,1,20000024),(16,'2021-04-14 09:07:43','2021-04-16 11:20:02','NAIT RABAH','CAROLINE',NULL,NULL,NULL,1,20000023),(17,'2021-04-14 09:07:43','2021-04-16 11:20:02','MLATAC','NINA',NULL,NULL,NULL,1,20000022),(18,'2021-04-14 09:07:43','2021-04-16 11:20:02','MADRELLE','LAURIE',NULL,NULL,NULL,1,20000021),(19,'2021-04-14 09:07:43','2021-04-16 11:20:02','LEONARD','ANTHONY',NULL,NULL,NULL,1,20000020),(20,'2021-04-14 09:07:43','2021-04-16 11:20:02','LAPORTERIE','JEAN-REMY',NULL,NULL,NULL,1,20000019),(21,'2021-04-14 09:07:43','2021-04-16 11:20:02','JAMMOU','ALICE',NULL,NULL,NULL,1,20000018),(22,'2021-04-14 09:07:43','2021-04-16 11:20:02','HUBERT','DIMITRI',NULL,NULL,NULL,1,20000017),(23,'2021-04-14 09:07:43','2021-04-16 11:20:02','HUA','MATHILDE',NULL,NULL,NULL,1,20000016),(24,'2021-04-14 09:07:43','2021-04-16 11:20:02','GROLLET','VINCENT',NULL,NULL,NULL,1,20000015),(25,'2021-04-14 09:07:43','2021-04-16 11:20:02','FORET','KEVIN',NULL,NULL,NULL,1,20000014),(26,'2021-04-14 09:07:43','2021-04-16 11:20:02','FONTAN','ALLAN',NULL,NULL,NULL,1,20000013),(27,'2021-04-14 09:07:43','2021-04-16 11:20:02','FERHAT','SANDRA',NULL,NULL,NULL,1,20000012),(28,'2021-04-14 09:07:43','2021-04-16 11:20:02','DUMONT','COME',NULL,NULL,NULL,1,20000011),(29,'2021-04-14 09:07:43','2021-04-16 11:20:02','DOMERGE','FLORIAN',NULL,NULL,NULL,1,20000010),(30,'2021-04-14 09:07:43','2021-04-16 11:20:02','DA PIEDADE','NADIA',NULL,NULL,NULL,1,20000009),(31,'2021-04-14 09:07:43','2021-04-16 11:20:02','COHEN','VINCENT',NULL,NULL,NULL,1,20000008),(32,'2021-04-14 09:07:43','2021-04-16 11:20:02','CHHIM','MATTHIEU',NULL,NULL,NULL,1,20000007),(33,'2021-04-14 09:07:43','2021-04-16 11:20:02','BRENTA','MANON',NULL,NULL,NULL,1,20000006),(34,'2021-04-14 09:07:43','2021-04-16 11:20:02','BRARD','WILLIAM',NULL,NULL,NULL,1,20000005),(35,'2021-04-14 09:07:43','2021-04-16 11:20:02','BLASI','SOPHIE',NULL,NULL,NULL,1,20000004),(36,'2021-04-14 09:07:43','2021-04-16 11:20:02','BECQUEY','DAVID',NULL,NULL,NULL,1,20000003),(37,'2021-04-14 09:07:43','2021-04-16 11:20:02','ATCHALINGAM','CHARLES',NULL,NULL,NULL,1,20000002),(38,'2021-04-14 09:07:43','2021-04-16 11:20:02','ANTONI','DAN',NULL,NULL,NULL,1,20000001),(39,'2021-04-14 09:07:43','2021-04-16 11:20:02','GOBLET','SANDRA',NULL,NULL,NULL,1,16000016),(40,'2021-04-14 09:07:43','2021-04-16 11:20:02','VALES','CHARLOTTE',NULL,NULL,NULL,1,10000036),(41,'2021-04-14 09:07:43','2021-04-16 11:20:02','UZAN','CLEMENT',NULL,NULL,NULL,1,10000035),(42,'2021-04-14 09:07:43','2021-04-16 11:20:02','TROUDI','HOANG',NULL,NULL,NULL,1,10000034),(43,'2021-04-14 09:07:43','2021-04-16 11:20:02','TAILLEBOIS','GHIZLANE',NULL,NULL,NULL,1,10000033),(44,'2021-04-14 09:07:43','2021-04-16 11:20:02','TA','LORENE',NULL,NULL,NULL,1,10000032),(45,'2021-04-14 09:07:43','2021-04-16 11:20:02','SOUIRI','REDOUANE',NULL,NULL,NULL,1,10000031),(46,'2021-04-14 09:07:43','2021-04-16 11:20:02','ROZIERE','ELIE ISRAEL',NULL,NULL,NULL,1,10000030),(47,'2021-04-14 09:07:43','2021-04-16 11:20:02','RHOUZLI','MOHAMED',NULL,NULL,NULL,1,10000029),(48,'2021-04-14 09:07:43','2021-04-16 11:20:02','PLOTTIN','NICOLAS',NULL,NULL,NULL,1,10000028),(49,'2021-04-14 09:07:43','2021-04-16 11:20:02','PITON','SARA',NULL,NULL,NULL,1,10000027),(50,'2021-04-14 09:07:43','2021-04-16 11:20:02','MARCADET','BUCAR',NULL,NULL,NULL,1,10000026),(51,'2021-04-14 09:07:43','2021-04-16 11:20:02','MANKET','MAHAMADOU',NULL,NULL,NULL,1,10000025),(52,'2021-04-14 09:07:43','2021-04-16 11:20:02','MALEK','YACINE',NULL,NULL,NULL,1,10000024),(53,'2021-04-14 09:07:43','2021-04-16 11:20:02','MAINGUY','TRISTAN',NULL,NULL,NULL,1,10000023),(54,'2021-04-14 09:07:43','2021-04-16 11:20:02','LISAMBERT','KEYNE',NULL,NULL,NULL,1,10000022),(55,'2021-04-14 09:07:43','2021-04-16 11:20:02','LE GOFF','CLEMENT',NULL,NULL,NULL,1,10000021),(56,'2021-04-14 09:07:43','2021-04-16 11:20:02','LAVAL','JOHANNA',NULL,NULL,NULL,1,10000020),(57,'2021-04-14 09:07:43','2021-04-16 11:20:02','JULIEN','LEONELLE',NULL,NULL,NULL,1,10000019),(58,'2021-04-14 09:07:44','2021-04-16 11:20:02','HRISTOV','MATTHIEU',NULL,NULL,NULL,1,10000018),(59,'2021-04-14 09:07:44','2021-04-16 11:20:02','HARM','AURELIE',NULL,NULL,NULL,1,10000017),(60,'2021-04-14 09:07:44','2021-04-16 11:20:02','HANET','STEFFY',NULL,NULL,NULL,1,10000016),(61,'2021-04-14 09:07:44','2021-04-16 11:20:02','GROND','KARIM',NULL,NULL,NULL,1,10000015),(62,'2021-04-14 09:07:44','2021-04-16 11:20:02','GALY','DAMIEN',NULL,NULL,NULL,1,10000014),(63,'2021-04-14 09:07:44','2021-04-16 11:20:02','DIALLO','DENIS',NULL,NULL,NULL,1,10000013),(64,'2021-04-14 09:07:44','2021-04-16 11:20:02','DELORME','REDA',NULL,NULL,NULL,1,10000012),(65,'2021-04-14 09:07:44','2021-04-16 11:20:02','COLOMBAN','KEMODJAN',NULL,NULL,NULL,1,10000011),(66,'2021-04-14 09:07:44','2021-04-16 11:20:02','CELO','BORIS',NULL,NULL,NULL,1,10000010),(67,'2021-04-14 09:07:44','2021-04-16 11:20:02','BOCCARA','BENJAMIN',NULL,NULL,NULL,1,10000009),(68,'2021-04-14 09:07:44','2021-04-16 11:20:02','BERRADA','AUDELIA',NULL,NULL,NULL,1,10000008),(69,'2021-04-14 09:07:44','2021-04-16 11:20:02','BEREBI','ALEXANDRA',NULL,NULL,NULL,1,10000007),(70,'2021-04-14 09:07:44','2021-04-16 11:20:02','BELZER','MATHIEU',NULL,NULL,NULL,1,10000006),(71,'2021-04-14 09:07:44','2021-04-16 11:20:02','BALIT','GEOFFROY',NULL,NULL,NULL,1,10000005),(72,'2021-04-14 09:07:44','2021-04-16 11:20:02','ARNAULT','LUCIE',NULL,NULL,NULL,1,10000004),(73,'2021-04-14 09:07:44','2021-04-16 11:20:02','ALLARDIN','LAURA',NULL,NULL,NULL,1,10000003),(74,'2021-04-14 09:07:44','2021-04-16 11:20:02','ALIO','SYLVIANE',NULL,NULL,NULL,1,10000002),(75,'2021-04-14 09:07:44','2021-04-16 11:20:02','ABERCH','HELENE',NULL,NULL,NULL,1,10000001),(76,'2021-04-14 09:07:44','2021-04-16 11:20:02','WOLFF','NESE',NULL,NULL,NULL,1,9000034),(77,'2021-04-14 09:07:44','2021-04-16 11:20:02','TZIPINE BERGER','CECILE',NULL,NULL,NULL,1,9000033),(78,'2021-04-14 09:07:44','2021-04-16 11:20:02','SENAND','FAYSAL',NULL,NULL,NULL,1,9000032),(79,'2021-04-14 09:07:44','2021-04-16 11:20:02','REAN','SIVAN',NULL,NULL,NULL,1,9000031),(80,'2021-04-14 09:07:44','2021-04-16 11:20:02','PHAM','CHRISTELLE',NULL,NULL,NULL,1,9000030),(81,'2021-04-14 09:07:44','2021-04-16 11:20:02','O\'NEILL','GONCA',NULL,NULL,NULL,1,9000029),(82,'2021-04-14 09:07:44','2021-04-16 11:20:02','N\'KAOUA','FREDERIC',NULL,NULL,NULL,1,9000028),(83,'2021-04-14 09:07:44','2021-04-16 11:20:02','MKINSI','NICOLAS',NULL,NULL,NULL,1,9000027),(84,'2021-04-14 09:07:44','2021-04-16 11:20:02','MESMOUDI','AURELIEN',NULL,NULL,NULL,1,9000026),(85,'2021-04-14 09:07:44','2021-04-16 11:20:02','MEGNEDOU DONGMO ','ILAN',NULL,NULL,NULL,1,9000025),(86,'2021-04-14 09:07:44','2021-04-16 11:20:02','LINSTER','NASSIMA',NULL,NULL,NULL,1,9000024),(87,'2021-04-14 09:07:44','2021-04-16 11:20:02','LAUBIE','CHARLY',NULL,NULL,NULL,1,9000023),(88,'2021-04-14 09:07:44','2021-04-16 11:20:02','KHARRAT','AMAL',NULL,NULL,NULL,1,9000022),(89,'2021-04-14 09:07:44','2021-04-16 11:20:02','IRAQUI','JOHANNA',NULL,NULL,NULL,1,9000021),(90,'2021-04-14 09:07:44','2021-04-16 11:20:02','HADJADJ','ANA',NULL,NULL,NULL,1,9000020),(91,'2021-04-14 09:07:44','2021-04-16 11:20:02','FORTASSIN','FLORIAN',NULL,NULL,NULL,1,9000019),(92,'2021-04-14 09:07:44','2021-04-16 11:20:02','EL HAIMAR','DENIS',NULL,NULL,NULL,1,9000017),(93,'2021-04-14 09:07:44','2021-04-16 11:20:02','DESCAMPS','LOIC',NULL,NULL,NULL,1,9000016),(94,'2021-04-14 09:07:44','2021-04-16 11:20:02','DE VEZIN D ORINCOURT ','SANDRA',NULL,NULL,NULL,1,9000015),(95,'2021-04-14 09:07:44','2021-04-16 11:20:02','DAUSQUE','CELINE',NULL,NULL,NULL,1,9000014),(96,'2021-04-14 09:07:44','2021-04-16 11:20:02','COUTAND','LIVIA',NULL,NULL,NULL,1,9000013),(97,'2021-04-14 09:07:44','2021-04-16 11:20:02','CHUNIAUD','CHARLES',NULL,NULL,NULL,1,9000012),(98,'2021-04-14 09:07:44','2021-04-16 11:20:02','CHAQROUN','PRISCILLIA',NULL,NULL,NULL,1,9000011),(99,'2021-04-14 09:07:44','2021-04-16 11:20:02','CARNOS','AMAURY',NULL,NULL,NULL,1,9000010),(100,'2021-04-14 09:07:44','2021-04-16 11:20:02','BOUZOUITA','CYPRIEN',NULL,NULL,NULL,1,9000009),(101,'2021-04-14 09:07:44','2021-04-16 11:20:02','BOUHMOUCH','GAETAN',NULL,NULL,NULL,1,9000008),(102,'2021-04-14 09:07:44','2021-04-16 11:20:02','BOUAMEUR','JEAN CHRISTOPHE',NULL,NULL,NULL,1,9000007),(103,'2021-04-14 09:07:44','2021-04-16 11:20:02','BENTIRES ALJ','MERYL',NULL,NULL,NULL,1,9000006),(104,'2021-04-14 09:07:44','2021-04-16 11:20:02','BENSAHEL','AUDREY',NULL,NULL,NULL,1,9000005),(105,'2021-04-14 09:07:44','2021-04-16 11:20:02','BENHAMOU','CHARLES',NULL,NULL,NULL,1,9000004),(106,'2021-04-14 09:07:44','2021-04-16 11:20:02','BEISEBAYEVA','BRICE',NULL,NULL,NULL,1,9000003),(107,'2021-04-14 09:07:44','2021-04-16 11:20:02','AUBE-MARTIN','AUDREY',NULL,NULL,NULL,1,9000002),(108,'2021-04-14 09:07:44','2021-04-16 11:20:02','ADJAJ','YAO LON',NULL,NULL,NULL,1,9000001),(109,'2021-04-14 09:07:44','2021-04-16 11:20:02','YA','SARAH',NULL,NULL,NULL,1,8000014),(110,'2021-04-14 09:07:45','2021-04-16 11:20:02','THIERRY','LAURA',NULL,NULL,NULL,1,8000013),(111,'2021-04-14 09:07:45','2021-04-16 11:20:02','MALKA','FATIHA',NULL,NULL,NULL,1,8000012),(112,'2021-04-14 09:07:45','2021-04-16 11:20:02','LARFI','HELIO',NULL,NULL,NULL,1,8000011),(113,'2021-04-14 09:07:45','2021-04-16 11:20:02','LAASSEL','ROMAN',NULL,NULL,NULL,1,8000010),(114,'2021-04-14 09:07:45','2021-04-16 11:20:02','KALKANLI','ILANA',NULL,NULL,NULL,1,8000009),(115,'2021-04-14 09:07:45','2021-04-16 11:20:02','JOURDREN','MARIE ANGE',NULL,NULL,NULL,1,8000008),(116,'2021-04-14 09:07:45','2021-04-16 11:20:02','DEBARGUE','SARAH',NULL,NULL,NULL,1,8000007),(117,'2021-04-14 09:07:45','2021-04-16 11:20:02','CHASSAGNE','STEPHANE',NULL,NULL,NULL,1,8000006),(118,'2021-04-14 09:07:45','2021-04-16 11:20:02','CASTRO','ANNE SOPHIE',NULL,NULL,NULL,1,8000005),(119,'2021-04-14 09:07:45','2021-04-16 11:20:02','BEN MAIZ','JONATHAN',NULL,NULL,NULL,1,8000004),(120,'2021-04-14 09:07:45','2021-04-16 11:20:02','BELDJILA','ARNAUD',NULL,NULL,NULL,1,8000003),(121,'2021-04-14 09:07:45','2021-04-16 11:20:02','AMOUYAL','CLEMENT',NULL,NULL,NULL,1,8000002),(122,'2021-04-14 09:07:45','2021-04-16 11:20:02','AMARSY','SARAH',NULL,NULL,NULL,1,8000001),(123,'2021-04-14 09:07:45','2021-04-16 11:20:02','ZITOUNI','NARIMANE',NULL,NULL,NULL,1,7000034),(124,'2021-04-14 09:07:45','2021-04-16 11:20:02','TURKAY','DENIS',NULL,NULL,NULL,1,7000033),(125,'2021-04-14 09:07:45','2021-04-16 11:20:02','TAUVERON','MARC',NULL,NULL,NULL,1,7000032),(126,'2021-04-14 09:07:45','2021-04-16 11:20:02','SIOU','MAKLOUF',NULL,NULL,NULL,1,7000031),(127,'2021-04-14 09:07:45','2021-04-16 11:20:02','SAHLI','CLÉMENT',NULL,NULL,NULL,1,7000030),(128,'2021-04-14 09:07:45','2021-04-16 11:20:02','ROSSIN','SAMUEL',NULL,NULL,NULL,1,7000029),(129,'2021-04-14 09:07:45','2021-04-16 11:20:02','ROSENBLATT','ANOUCK',NULL,NULL,NULL,1,7000028),(130,'2021-04-14 09:07:45','2021-04-16 11:20:02','POTTIER','WARREN',NULL,NULL,NULL,1,7000027),(131,'2021-04-14 09:07:45','2021-04-16 11:20:02','NAHUM MOATTY','KARINE',NULL,NULL,NULL,1,7000026),(132,'2021-04-14 09:07:45','2021-04-16 11:20:02','MOUTET','RUBEN',NULL,NULL,NULL,1,7000025),(133,'2021-04-14 09:07:45','2021-04-16 11:20:02','MORELLO','TOMMY',NULL,NULL,NULL,1,7000024),(134,'2021-04-14 09:07:45','2021-04-16 11:20:02','MAISONNEUVE','CAROLINE',NULL,NULL,NULL,1,7000023),(135,'2021-04-14 09:07:45','2021-04-16 11:20:02','LEVY','HUGO',NULL,NULL,NULL,1,7000022),(136,'2021-04-14 09:07:45','2021-04-16 11:20:02','LEVY','LAURA',NULL,NULL,NULL,1,7000021),(137,'2021-04-14 09:07:45','2021-04-16 11:20:02','KOSTIS','ICHAY',NULL,NULL,NULL,1,7000020),(138,'2021-04-14 09:07:45','2021-04-16 11:20:02','KIHOUL','SAMIR',NULL,NULL,NULL,1,7000019),(139,'2021-04-14 09:07:45','2021-04-16 11:20:02','KARBOULONIS','DIANA',NULL,NULL,NULL,1,7000018),(140,'2021-04-14 09:07:45','2021-04-16 11:20:02','HUG','FRANCK',NULL,NULL,NULL,1,7000017),(141,'2021-04-14 09:07:45','2021-04-16 11:20:02','HARITO','SAMUEL',NULL,NULL,NULL,1,7000016),(142,'2021-04-14 09:07:45','2021-04-16 11:20:02','HAJ SALEM','EMMANUEL',NULL,NULL,NULL,1,7000015),(143,'2021-04-14 09:07:45','2021-04-16 11:20:02','GASTE','KEVIN',NULL,NULL,NULL,1,7000014),(144,'2021-04-14 09:07:45','2021-04-16 11:20:02','CONTI','DIMITRIOS',NULL,NULL,NULL,1,7000013),(145,'2021-04-14 09:07:45','2021-04-16 11:20:02','CHEYNEL','HIND',NULL,NULL,NULL,1,7000012),(146,'2021-04-14 09:07:45','2021-04-16 11:20:02','CASAS CANO','HORTENSE',NULL,NULL,NULL,1,7000011),(147,'2021-04-14 09:07:45','2021-04-16 11:20:02','BOULANGER','TUDOR SERBAN',NULL,NULL,NULL,1,7000010),(148,'2021-04-14 09:07:45','2021-04-16 11:20:02','BOUICHE','ANNABEL',NULL,NULL,NULL,1,7000009),(149,'2021-04-14 09:07:45','2021-04-16 11:20:02','BOUATHONG','DEBORAH',NULL,NULL,NULL,1,7000008),(150,'2021-04-14 09:07:45','2021-04-16 11:20:02','BOUAICHI','EMMANUEL',NULL,NULL,NULL,1,7000007),(151,'2021-04-14 09:07:45','2021-04-16 11:20:02','BENHAMOUCHE','MOURAD',NULL,NULL,NULL,1,7000006),(152,'2021-04-14 09:07:45','2021-04-16 11:20:02','BENCHEKROUN TAOUDI ','YORO',NULL,NULL,NULL,1,7000005),(153,'2021-04-14 09:07:45','2021-04-16 11:20:02','BEDOUDA','VICTOR',NULL,NULL,NULL,1,7000004),(154,'2021-04-14 09:07:45','2021-04-16 11:20:02','BADLOU','ETIENNE',NULL,NULL,NULL,1,7000003),(155,'2021-04-14 09:07:45','2021-04-16 11:20:02','ACHOURI','HASSAN',NULL,NULL,NULL,1,7000002),(156,'2021-04-14 09:07:45','2021-04-16 11:20:02','ACHOURA','ALIZE',NULL,NULL,NULL,1,7000001),(157,'2021-04-14 09:07:46','2021-04-16 11:20:02','YILDIZ','AYDIN',NULL,NULL,NULL,1,6000034),(158,'2021-04-14 09:07:46','2021-04-16 11:20:02','YEPY','STEPHANIE',NULL,NULL,NULL,1,6000033),(159,'2021-04-14 09:07:46','2021-04-16 11:20:02','VERS','MELISSA',NULL,NULL,NULL,1,6000032),(160,'2021-04-14 09:07:46','2021-04-16 11:20:02','VAUTRIN','JORDAN',NULL,NULL,NULL,1,6000031),(161,'2021-04-14 09:07:46','2021-04-16 11:20:02','VASRAM','YASMINA',NULL,NULL,NULL,1,6000030),(162,'2021-04-14 09:07:46','2021-04-16 11:20:02','TRIH','JEAN',NULL,NULL,NULL,1,6000029),(163,'2021-04-14 09:07:46','2021-04-16 11:20:02','TOUATY','ALAIN',NULL,NULL,NULL,1,6000028),(164,'2021-04-14 09:07:46','2021-04-16 11:20:02','SANHA','HUGO',NULL,NULL,NULL,1,6000027),(165,'2021-04-14 09:07:46','2021-04-16 11:20:02','SAING','LYES',NULL,NULL,NULL,1,6000026),(166,'2021-04-14 09:07:46','2021-04-16 11:20:02','RAMAU','ALEXANDRA',NULL,NULL,NULL,1,6000025),(167,'2021-04-14 09:07:46','2021-04-16 11:20:02','PINTO','ROMEO',NULL,NULL,NULL,1,6000024),(168,'2021-04-14 09:07:46','2021-04-16 11:20:02','PARIENTE','YANN',NULL,NULL,NULL,1,6000023),(169,'2021-04-14 09:07:46','2021-04-16 11:20:02','PARADA','YANNICK',NULL,NULL,NULL,1,6000022),(170,'2021-04-14 09:07:46','2021-04-16 11:20:02','MADELIN','ESTELLE',NULL,NULL,NULL,1,6000021),(171,'2021-04-14 09:07:46','2021-04-16 11:20:02','LYUTIKOV','MICKAEL',NULL,NULL,NULL,1,6000020),(172,'2021-04-14 09:07:46','2021-04-16 11:20:02','LU','AMINA',NULL,NULL,NULL,1,6000019),(173,'2021-04-14 09:07:46','2021-04-16 11:20:02','LHONI','MARINE',NULL,NULL,NULL,1,6000018),(174,'2021-04-14 09:07:46','2021-04-16 11:20:02','LECOCQ','JUSTINE',NULL,NULL,NULL,1,6000016),(175,'2021-04-14 09:07:46','2021-04-16 11:20:02','KAMARA','ONUR',NULL,NULL,NULL,1,6000015),(176,'2021-04-14 09:07:46','2021-04-16 11:20:02','KALA-LOBE','PIERRE EDWIN',NULL,NULL,NULL,1,6000014),(177,'2021-04-14 09:07:46','2021-04-16 11:20:02','HASSANALY','JASON',NULL,NULL,NULL,1,6000013),(178,'2021-04-14 09:07:46','2021-04-16 11:20:02','HARDEBOLLE','VINCENT',NULL,NULL,NULL,1,6000012),(179,'2021-04-14 09:07:46','2021-04-16 11:20:02','GIRARD','NICOLAS',NULL,NULL,NULL,1,6000011),(180,'2021-04-14 09:07:46','2021-04-16 11:20:02','GARCIA','ZOE',NULL,NULL,NULL,1,6000010),(181,'2021-04-14 09:07:46','2021-04-16 11:20:02','DUBOIS','SYLVAIN',NULL,NULL,NULL,1,6000009),(182,'2021-04-14 09:07:46','2021-04-16 11:20:02','DELAGE','ALLAN',NULL,NULL,NULL,1,6000008),(183,'2021-04-14 09:07:46','2021-04-16 11:20:02','DAO','STEPHANIE',NULL,NULL,NULL,1,6000007),(184,'2021-04-14 09:07:46','2021-04-16 11:20:02','CORREIA','ELEFTHERIOS',NULL,NULL,NULL,1,6000006),(185,'2021-04-14 09:07:46','2021-04-16 11:20:02','BRESNU','STEPHANE',NULL,NULL,NULL,1,6000005),(186,'2021-04-14 09:07:46','2021-04-16 11:20:02','BOURICHE','MARTIN',NULL,NULL,NULL,1,6000004),(187,'2021-04-14 09:07:46','2021-04-16 11:20:02','BENOLIEL','FIONA',NULL,NULL,NULL,1,6000003),(188,'2021-04-14 09:07:46','2021-04-16 11:20:02','AUVERGNAS','PAUL',NULL,NULL,NULL,1,6000002),(189,'2021-04-14 09:07:46','2021-04-16 11:20:02','ADJAL','EDOUARD',NULL,NULL,NULL,1,6000001),(190,'2021-04-14 09:07:46','2021-04-16 11:20:02','YOUNSI','BILAL',NULL,NULL,NULL,1,5000034),(191,'2021-04-14 09:07:46','2021-04-16 11:20:02','WALKADI','CHARLES',NULL,NULL,NULL,1,5000033),(192,'2021-04-14 09:07:46','2021-04-16 11:20:02','VIEVILLE','JAMELA',NULL,NULL,NULL,1,5000032),(193,'2021-04-14 09:07:46','2021-04-16 11:20:02','STANEVA','ASSIA',NULL,NULL,NULL,1,5000031),(194,'2021-04-14 09:07:46','2021-04-16 11:20:02','SAMASSA','YASMINA',NULL,NULL,NULL,1,5000030),(195,'2021-04-14 09:07:46','2021-04-16 11:20:02','REYT','THIBAUT',NULL,NULL,NULL,1,5000029),(196,'2021-04-14 09:07:46','2021-04-16 11:20:02','PONSIN','BRAHIM',NULL,NULL,NULL,1,5000028),(197,'2021-04-14 09:07:46','2021-04-16 11:20:02','MOKRANE','ALEXANDRE',NULL,NULL,NULL,1,5000027),(198,'2021-04-14 09:07:46','2021-04-16 11:20:02','MENAHEM','ZINEB',NULL,NULL,NULL,1,5000026),(199,'2021-04-14 09:07:46','2021-04-16 11:20:02','MATA','GILDA',NULL,NULL,NULL,1,5000025),(200,'2021-04-14 09:07:46','2021-04-16 11:20:02','MARCUS','PAPA  ABDOULAYE',NULL,NULL,NULL,1,5000024),(201,'2021-04-14 09:07:46','2021-04-16 11:20:02','MAN','LAURA',NULL,NULL,NULL,1,5000023),(202,'2021-04-14 09:07:46','2021-04-16 11:20:02','LE GALL','GUILLAUME',NULL,NULL,NULL,1,5000022),(203,'2021-04-14 09:07:46','2021-04-16 11:20:02','LAUV','FREDERIC',NULL,NULL,NULL,1,5000021),(204,'2021-04-14 09:07:46','2021-04-16 11:20:02','JACOB','FAYSEL',NULL,NULL,NULL,1,5000020),(205,'2021-04-14 09:07:46','2021-04-16 11:20:02','IDINARENE','JEREMIE',NULL,NULL,NULL,1,5000019),(206,'2021-04-14 09:07:46','2021-04-16 11:20:02','HU','LINDA',NULL,NULL,NULL,1,5000018),(207,'2021-04-14 09:07:46','2021-04-16 11:20:02','GURUNG','FREDERIC',NULL,NULL,NULL,1,5000017),(208,'2021-04-14 09:07:46','2021-04-16 11:20:02','GUITANE','GAEL',NULL,NULL,NULL,1,5000016),(209,'2021-04-14 09:07:46','2021-04-16 11:20:02','FOURNERET','PAUL',NULL,NULL,NULL,1,5000015),(210,'2021-04-14 09:07:46','2021-04-16 11:20:02','FEDELES','ANTONY',NULL,NULL,NULL,1,5000014),(211,'2021-04-14 09:07:47','2021-04-16 11:20:02','DIWAN','KEVIN',NULL,NULL,NULL,1,5000013),(212,'2021-04-14 09:07:47','2021-04-16 11:20:02','DEPREZ','ANNIE',NULL,NULL,NULL,1,5000012),(213,'2021-04-14 09:07:47','2021-04-16 11:20:02','DELMAS','ALAIN',NULL,NULL,NULL,1,5000011),(214,'2021-04-14 09:07:47','2021-04-16 11:20:02','CHHOA','MOHAMED',NULL,NULL,NULL,1,5000010),(215,'2021-04-14 09:07:47','2021-04-16 11:20:02','CHERFAOUI','OLFA',NULL,NULL,NULL,1,5000009),(216,'2021-04-14 09:07:47','2021-04-16 11:20:02','CHARRAULT','NARIMENE',NULL,NULL,NULL,1,5000008),(217,'2021-04-14 09:07:47','2021-04-16 11:20:02','BRESSON','JESSY',NULL,NULL,NULL,1,5000007),(218,'2021-04-14 09:07:47','2021-04-16 11:20:02','BOURDET','ETIENNE',NULL,NULL,NULL,1,5000006),(219,'2021-04-14 09:07:47','2021-04-16 11:20:02','BOURAS','LAURA',NULL,NULL,NULL,1,5000005),(220,'2021-04-14 09:07:47','2021-04-16 11:20:02','BENYAYER','EKATERINA',NULL,NULL,NULL,1,5000004),(221,'2021-04-14 09:07:47','2021-04-16 11:20:02','ATTIAS','YOANN',NULL,NULL,NULL,1,5000003),(222,'2021-04-14 09:07:47','2021-04-16 11:20:02','AMADOU','NINA',NULL,NULL,NULL,1,5000002),(223,'2021-04-14 09:07:47','2021-04-16 11:20:02','ADDAïOU','RAMDANE',NULL,NULL,NULL,1,5000001),(224,'2021-04-14 09:07:47','2021-04-16 11:20:02','ZOMBLEWOU','CEDRIC',NULL,NULL,NULL,1,4000033),(225,'2021-04-14 09:07:47','2021-04-16 11:20:02','WECHSLER','ADRIEN',NULL,NULL,NULL,1,4000032),(226,'2021-04-14 09:07:47','2021-04-16 11:20:02','TISSOT','MINHO',NULL,NULL,NULL,1,4000031),(227,'2021-04-14 09:07:47','2021-04-16 11:20:02','TAIEB','EMMANUELLE',NULL,NULL,NULL,1,4000030),(228,'2021-04-14 09:07:47','2021-04-16 11:20:02','SOUPRE','SACHA',NULL,NULL,NULL,1,4000029),(229,'2021-04-14 09:07:47','2021-04-16 11:20:02','SITRUK','RUBEN',NULL,NULL,NULL,1,4000028),(230,'2021-04-14 09:07:47','2021-04-16 11:20:02','SHIVBARAN','LORRIS',NULL,NULL,NULL,1,4000027),(231,'2021-04-14 09:07:47','2021-04-16 11:20:02','SCHER','KARIMA',NULL,NULL,NULL,1,4000026),(232,'2021-04-14 09:07:47','2021-04-16 11:20:02','PORCHER','KARIM',NULL,NULL,NULL,1,4000025),(233,'2021-04-14 09:07:47','2021-04-16 11:20:02','PIOLE','PATRICE',NULL,NULL,NULL,1,4000024),(234,'2021-04-14 09:07:47','2021-04-16 11:20:02','OULBACHA','ALEXIS',NULL,NULL,NULL,1,4000023),(235,'2021-04-14 09:07:47','2021-04-16 11:20:02','NAKACHE','ROMAIN',NULL,NULL,NULL,1,4000022),(236,'2021-04-14 09:07:47','2021-04-16 11:20:02','MENEGAUX','SHIRLEY',NULL,NULL,NULL,1,4000021),(237,'2021-04-14 09:07:47','2021-04-16 11:20:02','MAFFINI','THOMAS',NULL,NULL,NULL,1,4000020),(238,'2021-04-14 09:07:47','2021-04-16 11:20:02','LEMOULT','VINCENT',NULL,NULL,NULL,1,4000019),(239,'2021-04-14 09:07:47','2021-04-16 11:20:02','LE TETOUR','DORIAN',NULL,NULL,NULL,1,4000018),(240,'2021-04-14 09:07:47','2021-04-16 11:20:02','LANGOU','DIANE',NULL,NULL,NULL,1,4000017),(241,'2021-04-14 09:07:47','2021-04-16 11:20:02','LAM','BENOIT',NULL,NULL,NULL,1,4000016),(242,'2021-04-14 09:07:47','2021-04-16 11:20:02','LAIK','JESSICA',NULL,NULL,NULL,1,4000015),(243,'2021-04-14 09:07:47','2021-04-16 11:20:02','KONSTANTAKATOS','DONATIEN',NULL,NULL,NULL,1,4000014),(244,'2021-04-14 09:07:47','2021-04-16 11:20:02','HELUA','SARAH',NULL,NULL,NULL,1,4000013),(245,'2021-04-14 09:07:47','2021-04-16 11:20:02','HELLENIS','LINA',NULL,NULL,NULL,1,4000012),(246,'2021-04-14 09:07:47','2021-04-16 11:20:02','HAMZAOUI','ANISSA',NULL,NULL,NULL,1,4000011),(247,'2021-04-14 09:07:47','2021-04-16 11:20:02','GROS','EDNA',NULL,NULL,NULL,1,4000010),(248,'2021-04-14 09:07:47','2021-04-16 11:20:02','GALERNEAU','COME',NULL,NULL,NULL,1,4000009),(249,'2021-04-14 09:07:47','2021-04-16 11:20:02','ELDEM','SANDRA',NULL,NULL,NULL,1,4000008),(250,'2021-04-14 09:07:47','2021-04-16 11:20:02','CRUSE','JULES',NULL,NULL,NULL,1,4000007),(251,'2021-04-14 09:07:47','2021-04-16 11:20:02','CHAVANNE','ABDELMOUMENE',NULL,NULL,NULL,1,4000006),(252,'2021-04-14 09:07:47','2021-04-16 11:20:02','BUIDINE','RITA',NULL,NULL,NULL,1,4000005),(253,'2021-04-14 09:07:47','2021-04-16 11:20:02','AVIGO','CAROLINE',NULL,NULL,NULL,1,4000004),(254,'2021-04-14 09:07:47','2021-04-16 11:20:02','ATTAL','TRISTAN',NULL,NULL,NULL,1,4000003),(255,'2021-04-14 09:07:47','2021-04-16 11:20:02','ATLAN','EDOUARD',NULL,NULL,NULL,1,4000002),(256,'2021-04-14 09:07:47','2021-04-16 11:20:02','ARIBI','AGATHE',NULL,NULL,NULL,1,4000001),(257,'2021-04-14 09:07:47','2021-04-16 11:20:02','ZANINI','BRUNA',NULL,NULL,NULL,1,3000034),(258,'2021-04-14 09:07:47','2021-04-16 11:20:02','SOUMBO','ALBERT',NULL,NULL,NULL,1,3000033),(259,'2021-04-14 09:07:47','2021-04-16 11:20:02','SERIES','ZAYNA',NULL,NULL,NULL,1,3000032),(260,'2021-04-14 09:07:47','2021-04-16 11:20:02','SEBAG','MADINA',NULL,NULL,NULL,1,3000031),(261,'2021-04-14 09:07:47','2021-04-16 11:20:02','REAN','YANNICK',NULL,NULL,NULL,1,3000030),(262,'2021-04-14 09:07:47','2021-04-16 11:20:02','RANJY','CECILE',NULL,NULL,NULL,1,3000029),(263,'2021-04-14 09:07:47','2021-04-16 11:20:02','QUELENE','ALEXANDRA',NULL,NULL,NULL,1,3000028),(264,'2021-04-14 09:07:47','2021-04-16 11:20:02','POK','LEA',NULL,NULL,NULL,1,3000027),(265,'2021-04-14 09:07:47','2021-04-16 11:20:02','PIEGELIN','MALIAM',NULL,NULL,NULL,1,3000026),(266,'2021-04-14 09:07:47','2021-04-16 11:20:02','PETIT','NICOLAS',NULL,NULL,NULL,1,3000025),(267,'2021-04-14 09:07:47','2021-04-16 11:20:02','OUALLI','SARAH',NULL,NULL,NULL,1,3000024),(268,'2021-04-14 09:07:47','2021-04-16 11:20:02','OHAYON','JONATHAN',NULL,NULL,NULL,1,3000023),(269,'2021-04-14 09:07:47','2021-04-16 11:20:02','NGWE EOCK','THI SAO MAI',NULL,NULL,NULL,1,3000022),(270,'2021-04-14 09:07:47','2021-04-16 11:20:02','MYSZKOWIAK','LAURENT',NULL,NULL,NULL,1,3000021),(271,'2021-04-14 09:07:47','2021-04-16 11:20:02','MOUKOKO MBONJO','NATHANAEL',NULL,NULL,NULL,1,3000020),(272,'2021-04-14 09:07:47','2021-04-16 11:20:02','MICHON','JOHANNA',NULL,NULL,NULL,1,3000019),(273,'2021-04-14 09:07:47','2021-04-16 11:20:02','MARX','VICTOR',NULL,NULL,NULL,1,3000018),(274,'2021-04-14 09:07:48','2021-04-16 11:20:02','MARION','SAMUEL',NULL,NULL,NULL,1,3000017),(275,'2021-04-14 09:07:48','2021-04-16 11:20:02','LHERMITTE','CYRILLE',NULL,NULL,NULL,1,3000016),(276,'2021-04-14 09:07:48','2021-04-16 11:20:02','LE CLERCQ DE LANNOY ','STELLA',NULL,NULL,NULL,1,3000015),(277,'2021-04-14 09:07:48','2021-04-16 11:20:02','JOUANIC','MINH QUAN',NULL,NULL,NULL,1,3000014),(278,'2021-04-14 09:07:48','2021-04-16 11:20:02','IDIRI','FREDERIC',NULL,NULL,NULL,1,3000013),(279,'2021-04-14 09:07:48','2021-04-16 11:20:02','GHAZAL','COME',NULL,NULL,NULL,1,3000012),(280,'2021-04-14 09:07:48','2021-04-16 11:20:02','GABRILLAGUES','ELSA',NULL,NULL,NULL,1,3000011),(281,'2021-04-14 09:07:48','2021-04-16 11:20:02','ESSOSSO MENGUE','KEVIN',NULL,NULL,NULL,1,3000010),(282,'2021-04-14 09:07:48','2021-04-16 11:20:02','DUFFAU','ELSA',NULL,NULL,NULL,1,3000009),(283,'2021-04-14 09:07:48','2021-04-16 11:20:02','DESCAMPS','FRANCK',NULL,NULL,NULL,1,3000008),(284,'2021-04-14 09:07:48','2021-04-16 11:20:02','COUTURIER','REDA',NULL,NULL,NULL,1,3000007),(285,'2021-04-14 09:07:48','2021-04-16 11:20:02','CAMUS','ALEXANDRA',NULL,NULL,NULL,1,3000006),(286,'2021-04-14 09:07:48','2021-04-16 11:20:02','BORDEAUX','ELOISE',NULL,NULL,NULL,1,3000005),(287,'2021-04-14 09:07:48','2021-04-16 11:20:02','BEDDOK','ALEXANDRA',NULL,NULL,NULL,1,3000004),(288,'2021-04-14 09:07:48','2021-04-16 11:20:02','ARAKAZA','CENDRINE',NULL,NULL,NULL,1,3000003),(289,'2021-04-14 09:07:48','2021-04-16 11:20:02','ANKA WEHBE','CLARISSE',NULL,NULL,NULL,1,3000002),(290,'2021-04-14 09:07:48','2021-04-16 11:20:02','ACHERFOU','THOMAS',NULL,NULL,NULL,1,3000001),(291,'2021-04-14 09:07:48','2021-04-16 11:20:02','WITVOET','CHANTAL LAURE',NULL,NULL,NULL,1,1800034),(292,'2021-04-14 09:07:48','2021-04-16 11:20:02','WERTHEIM','ADRIEN',NULL,NULL,NULL,1,1800033),(293,'2021-04-14 09:07:48','2021-04-16 11:20:02','WEN','GARY',NULL,NULL,NULL,1,1800032),(294,'2021-04-14 09:07:48','2021-04-16 11:20:02','VINCENT','TOMMY',NULL,NULL,NULL,1,1800031),(295,'2021-04-14 09:07:48','2021-04-16 11:20:02','TRAN','ALEXANDRE',NULL,NULL,NULL,1,1800030),(296,'2021-04-14 09:07:48','2021-04-16 11:20:02','THILLIEZ','KHANH PHONG',NULL,NULL,NULL,1,1800029),(297,'2021-04-14 09:07:48','2021-04-16 11:20:02','SIMSEK','MARION',NULL,NULL,NULL,1,1800028),(298,'2021-04-14 09:07:48','2021-04-16 11:20:02','ROGER','SIF-ISLAM',NULL,NULL,NULL,1,1800027),(299,'2021-04-14 09:07:48','2021-04-16 11:20:02','RODRIGUES','MORGANE',NULL,NULL,NULL,1,1800026),(300,'2021-04-14 09:07:48','2021-04-16 11:20:02','REGNAULD','FARAH',NULL,NULL,NULL,1,1800025),(301,'2021-04-14 09:07:48','2021-04-16 11:20:02','MECHID','LEO',NULL,NULL,NULL,1,1800023),(302,'2021-04-14 09:07:48','2021-04-16 11:20:02','LEE','SOFIA',NULL,NULL,NULL,1,1800022),(303,'2021-04-14 09:07:48','2021-04-16 11:20:02','LANDAU','REMI',NULL,NULL,NULL,1,1800021),(304,'2021-04-14 09:07:48','2021-04-16 11:20:02','LALOUM','NICOLAS',NULL,NULL,NULL,1,1800020),(305,'2021-04-14 09:07:48','2021-04-16 11:20:02','JOUNAY','REMI',NULL,NULL,NULL,1,1800019),(306,'2021-04-14 09:07:48','2021-04-16 11:20:02','HO','ANNE-SOPHIE',NULL,NULL,NULL,1,1800018),(307,'2021-04-14 09:07:48','2021-04-16 11:20:02','HILLION','SOPHIE',NULL,NULL,NULL,1,1800017),(308,'2021-04-14 09:07:48','2021-04-16 11:20:02','GOMEZ RUIZ','VINCENT',NULL,NULL,NULL,1,1800016),(309,'2021-04-14 09:07:48','2021-04-16 11:20:02','GENTY','ELSA',NULL,NULL,NULL,1,1800015),(310,'2021-04-14 09:07:48','2021-04-16 11:20:02','GENETELLI','PAUL',NULL,NULL,NULL,1,1800014),(311,'2021-04-14 09:07:48','2021-04-16 11:20:02','GAUTHIER','FLORIAN',NULL,NULL,NULL,1,1800013),(312,'2021-04-14 09:07:48','2021-04-16 11:20:02','FEZARD','SARAH',NULL,NULL,NULL,1,1800012),(313,'2021-04-14 09:07:48','2021-04-16 11:20:02','ELFASSI','SARAH',NULL,NULL,NULL,1,1800011),(314,'2021-04-14 09:07:48','2021-04-16 11:20:02','DE LAGUICHE','BRUCE',NULL,NULL,NULL,1,1800010),(315,'2021-04-14 09:07:48','2021-04-16 11:20:02','COQUEREAU','MARY LINE',NULL,NULL,NULL,1,1800009),(316,'2021-04-14 09:07:48','2021-04-16 11:20:02','CHKILI','CARL',NULL,NULL,NULL,1,1800008),(317,'2021-04-14 09:07:48','2021-04-16 11:20:02','CHEVALIER','JESSIKA',NULL,NULL,NULL,1,1800007),(318,'2021-04-14 09:07:48','2021-04-16 11:20:02','CARTRAUD','ALLISON',NULL,NULL,NULL,1,1800006),(319,'2021-04-14 09:07:48','2021-04-16 11:20:02','BUN','ARIE',NULL,NULL,NULL,1,1800005),(320,'2021-04-14 09:07:48','2021-04-16 11:20:02','BOUNI','INES',NULL,NULL,NULL,1,1800004),(321,'2021-04-14 09:07:48','2021-04-16 11:20:02','BOCCARA','METE',NULL,NULL,NULL,1,1800003),(322,'2021-04-14 09:07:48','2021-04-16 11:20:02','BACHELOT','CELINE',NULL,NULL,NULL,1,1800002),(323,'2021-04-14 09:07:48','2021-04-16 11:20:02','ALAMIEL','RAPHAEL',NULL,NULL,NULL,1,1800001),(324,'2021-04-14 09:07:48','2021-04-16 11:20:02','PETTENI','LIANE',NULL,NULL,NULL,1,1700011),(325,'2021-04-14 09:07:48','2021-04-16 11:20:02','PAOLO','ZOE',NULL,NULL,NULL,1,1700010),(326,'2021-04-14 09:07:48','2021-04-16 11:20:02','NGUYEN','LISA',NULL,NULL,NULL,1,1700009),(327,'2021-04-14 09:07:48','2021-04-16 11:20:02','NGUYEN','MATTHIEU',NULL,NULL,NULL,1,1700008),(328,'2021-04-14 09:07:48','2021-04-16 11:20:02','MREJEN','BERTILLE',NULL,NULL,NULL,1,1700007),(329,'2021-04-14 09:07:48','2021-04-16 11:20:02','MEYER','ARMONDE',NULL,NULL,NULL,1,1700006),(330,'2021-04-14 09:07:48','2021-04-16 11:20:02','LEBEAUPIN','PIERRE',NULL,NULL,NULL,1,1700005),(331,'2021-04-14 09:07:48','2021-04-16 11:20:02','LAMETTE','ISABELLE',NULL,NULL,NULL,1,1700004),(332,'2021-04-14 09:07:48','2021-04-16 11:20:02','GONDRAN','ELIE',NULL,NULL,NULL,1,1700003),(333,'2021-04-14 09:07:48','2021-04-16 11:20:02','CHEUNG','MICHAEL',NULL,NULL,NULL,1,1700002),(334,'2021-04-14 09:07:48','2021-04-16 11:20:02','BOUZARIA','ISAAC',NULL,NULL,NULL,1,1700001),(335,'2021-04-14 09:07:48','2021-04-16 11:20:02','VAUTRIN','ALEXANDRE',NULL,NULL,NULL,1,1600035),(336,'2021-04-14 09:07:48','2021-04-16 11:20:02','TAIEB','ANNE',NULL,NULL,NULL,1,1600034),(337,'2021-04-14 09:07:48','2021-04-16 11:20:02','SUISSA','CHLOE',NULL,NULL,NULL,1,1600033),(338,'2021-04-14 09:07:48','2021-04-16 11:20:02','RENIER','NADINE',NULL,NULL,NULL,1,1600032),(339,'2021-04-14 09:07:48','2021-04-16 11:20:02','RASOOL','FRANCK',NULL,NULL,NULL,1,1600031),(340,'2021-04-14 09:07:48','2021-04-16 11:20:02','OSSELIN','NICOLAS',NULL,NULL,NULL,1,1600030),(341,'2021-04-14 09:07:48','2021-04-16 11:20:02','MICHELIN','DELPHINE',NULL,NULL,NULL,1,1600029),(342,'2021-04-14 09:07:48','2021-04-16 11:20:02','LUZAYADIO','CAROLE',NULL,NULL,NULL,1,1600028),(343,'2021-04-14 09:07:48','2021-04-16 11:20:02','LETELLIER','CHRISTOPHE',NULL,NULL,NULL,1,1600027),(344,'2021-04-14 09:07:48','2021-04-16 11:20:02','LE','PEGGY',NULL,NULL,NULL,1,1600026),(345,'2021-04-14 09:07:49','2021-04-16 11:20:02','LAOUARI','JESSY',NULL,NULL,NULL,1,1600025),(346,'2021-04-14 09:07:49','2021-04-16 11:20:02','KOUTCHOUMOV','NINA',NULL,NULL,NULL,1,1600024),(347,'2021-04-14 09:07:49','2021-04-16 11:20:02','KARBACH','FLORENT',NULL,NULL,NULL,1,1600023),(348,'2021-04-14 09:07:49','2021-04-16 11:20:02','JEAN','BAO NGOC',NULL,NULL,NULL,1,1600022),(349,'2021-04-14 09:07:49','2021-04-16 11:20:02','JACQUOT','NOEMIE',NULL,NULL,NULL,1,1600021),(350,'2021-04-14 09:07:49','2021-04-16 11:20:02','HO TONG','MAY',NULL,NULL,NULL,1,1600020),(351,'2021-04-14 09:07:49','2021-04-16 11:20:02','HAMADA','SOFIANE',NULL,NULL,NULL,1,1600019),(352,'2021-04-14 09:07:49','2021-04-16 11:20:02','GUVERCIN','CAROLINE',NULL,NULL,NULL,1,1600018),(353,'2021-04-14 09:07:49','2021-04-16 11:20:02','GREKIN','SANDRA',NULL,NULL,NULL,1,1600017),(354,'2021-04-14 09:07:49','2021-04-16 11:20:02','FASSI','FLORIAN',NULL,NULL,NULL,1,1600015),(355,'2021-04-14 09:07:49','2021-04-16 11:20:02','DE SAINT EXUPERY','ANTONY',NULL,NULL,NULL,1,1600014),(356,'2021-04-14 09:07:49','2021-04-16 11:20:02','DE DAVID BEAUREGARD','ARNORLD',NULL,NULL,NULL,1,1600013),(357,'2021-04-14 09:07:49','2021-04-16 11:20:02','DAHAN','HUNG  MINH',NULL,NULL,NULL,1,1600012),(358,'2021-04-14 09:07:49','2021-04-16 11:20:02','COHET','MELANIE',NULL,NULL,NULL,1,1600011),(359,'2021-04-14 09:07:49','2021-04-16 11:20:02','CHRIFI ALAOUI','DANIEL',NULL,NULL,NULL,1,1600010),(360,'2021-04-14 09:07:49','2021-04-16 11:20:02','CHKIRDI','SHOEL',NULL,NULL,NULL,1,1600009),(361,'2021-04-14 09:07:49','2021-04-16 11:20:02','CHIU','NICOLAS',NULL,NULL,NULL,1,1600008),(362,'2021-04-14 09:07:49','2021-04-16 11:20:02','BURKIC','ANTHONY',NULL,NULL,NULL,1,1600007),(363,'2021-04-14 09:07:49','2021-04-16 11:20:02','BRION','AUDREY',NULL,NULL,NULL,1,1600006),(364,'2021-04-14 09:07:49','2021-04-16 11:20:02','BRADLY','MARIE CERISE',NULL,NULL,NULL,1,1600005),(365,'2021-04-14 09:07:49','2021-04-16 11:20:02','BOUTCHOKO TASSI','MARION',NULL,NULL,NULL,1,1600004),(366,'2021-04-14 09:07:49','2021-04-16 11:20:02','BENHAMOU','AURELIE',NULL,NULL,NULL,1,1600003),(367,'2021-04-14 09:07:49','2021-04-16 11:20:02','AMRANI MARRAKCHI','EDOUARD',NULL,NULL,NULL,1,1600002),(368,'2021-04-14 09:07:49','2021-04-16 11:20:02','ALLEGRINI','KENZA',NULL,NULL,NULL,1,1600001),(369,'2021-04-14 09:07:49','2021-04-16 11:20:02','ZITOUN','OMAR',NULL,NULL,NULL,1,1500034),(370,'2021-04-14 09:07:49','2021-04-16 11:20:02','ZEBIRI','ABDELJABAR',NULL,NULL,NULL,1,1500033),(371,'2021-04-14 09:07:49','2021-04-16 11:20:02','VICARIO','CORALIE',NULL,NULL,NULL,1,1500032),(372,'2021-04-14 09:07:49','2021-04-16 11:20:02','TURKI','YE',NULL,NULL,NULL,1,1500031),(373,'2021-04-14 09:07:49','2021-04-16 11:20:02','SZAJNFELD','ANIA',NULL,NULL,NULL,1,1500030),(374,'2021-04-14 09:07:49','2021-04-16 11:20:02','SALEM','BIANCA',NULL,NULL,NULL,1,1500029),(375,'2021-04-14 09:07:49','2021-04-16 11:20:02','SAHLI','ENZO',NULL,NULL,NULL,1,1500028),(376,'2021-04-14 09:07:49','2021-04-16 11:20:02','RAHAINGOMANANA','MARYSE',NULL,NULL,NULL,1,1500027),(377,'2021-04-14 09:07:49','2021-04-16 11:20:02','PARKER','BRENDA',NULL,NULL,NULL,1,1500026),(378,'2021-04-14 09:07:49','2021-04-16 11:20:02','NGUYEN','NGOC',NULL,NULL,NULL,1,1500025),(379,'2021-04-14 09:07:49','2021-04-16 11:20:02','NAJIH','JULIETTE',NULL,NULL,NULL,1,1500024),(380,'2021-04-14 09:07:49','2021-04-16 11:20:02','MEYNIEU','MELTEM',NULL,NULL,NULL,1,1500023),(381,'2021-04-14 09:07:49','2021-04-16 11:20:02','MENETRIER','DAVID',NULL,NULL,NULL,1,1500022),(382,'2021-04-14 09:07:49','2021-04-16 11:20:02','MAKY','MEHDI',NULL,NULL,NULL,1,1500021),(383,'2021-04-14 09:07:49','2021-04-16 11:20:02','LAM','CLARISSE',NULL,NULL,NULL,1,1500020),(384,'2021-04-14 09:07:49','2021-04-16 11:20:02','KIM','PHILIPPE',NULL,NULL,NULL,1,1500019),(385,'2021-04-14 09:07:49','2021-04-16 11:20:02','HENG','MAILYS',NULL,NULL,NULL,1,1500018),(386,'2021-04-14 09:07:49','2021-04-16 11:20:02','DO','PAUL',NULL,NULL,NULL,1,1500017),(387,'2021-04-14 09:07:49','2021-04-16 11:20:02','DIAKITE','PIERRE',NULL,NULL,NULL,1,1500016),(388,'2021-04-14 09:07:49','2021-04-16 11:20:02','DEROUICH','JEAN',NULL,NULL,NULL,1,1500015),(389,'2021-04-14 09:07:49','2021-04-16 11:20:02','DARASSE','ANNABEL',NULL,NULL,NULL,1,1500014),(390,'2021-04-14 09:07:49','2021-04-16 11:20:02','COHEN','AUDREY',NULL,NULL,NULL,1,1500013),(391,'2021-04-14 09:07:49','2021-04-16 11:20:02','CLOTILDE','JEREMY',NULL,NULL,NULL,1,1500012),(392,'2021-04-14 09:07:49','2021-04-16 11:20:02','CHEIKH HUSSEIN','MOSHE',NULL,NULL,NULL,1,1500011),(393,'2021-04-14 09:07:49','2021-04-16 11:20:02','CHATEL','HABIB',NULL,NULL,NULL,1,1500010),(394,'2021-04-14 09:07:49','2021-04-16 11:20:02','BRICHET','ORIANE',NULL,NULL,NULL,1,1500009),(395,'2021-04-14 09:07:49','2021-04-16 11:20:02','BREY','MELANIE',NULL,NULL,NULL,1,1500008),(396,'2021-04-14 09:07:49','2021-04-16 11:20:02','BOUSQUET','AUDREY',NULL,NULL,NULL,1,1500007),(397,'2021-04-14 09:07:49','2021-04-16 11:20:02','BEN AMARA','VINCENT',NULL,NULL,NULL,1,1500006),(398,'2021-04-14 09:07:49','2021-04-16 11:20:02','BELLOSSAT','AMINA',NULL,NULL,NULL,1,1500005),(399,'2021-04-14 09:07:49','2021-04-16 11:20:02','ATTIAS','JEREMY',NULL,NULL,NULL,1,1500004),(400,'2021-04-14 09:07:49','2021-04-16 11:20:02','ATAALLA','EMILIE',NULL,NULL,NULL,1,1500003),(401,'2021-04-14 09:07:49','2021-04-16 11:20:02','ABOUDRAR','AUDREY',NULL,NULL,NULL,1,1500002),(402,'2021-04-14 09:07:49','2021-04-16 11:20:02','ABIBADA','AIDA',NULL,NULL,NULL,1,1500001),(403,'2021-04-14 09:07:49','2021-04-16 11:20:02','ZANGER','ARTHUR',NULL,NULL,NULL,1,1400036),(404,'2021-04-14 09:07:49','2021-04-16 11:20:02','VAUTIER','HASSAN',NULL,NULL,NULL,1,1400035),(405,'2021-04-14 09:07:49','2021-04-16 11:20:02','TAING','ELSA',NULL,NULL,NULL,1,1400034),(406,'2021-04-14 09:07:49','2021-04-16 11:20:02','SEMHOUN','JIHEN',NULL,NULL,NULL,1,1400033),(407,'2021-04-14 09:07:49','2021-04-16 11:20:02','SAVATOVSKY','PIERRE-ELIE',NULL,NULL,NULL,1,1400032),(408,'2021-04-14 09:07:49','2021-04-16 11:20:02','SARFATI','JEREMY',NULL,NULL,NULL,1,1400031),(409,'2021-04-14 09:07:49','2021-04-16 11:20:02','SALGUES','FRANCOIS',NULL,NULL,NULL,1,1400030),(410,'2021-04-14 09:07:49','2021-04-16 11:20:02','SAFRAN','JOACHIM',NULL,NULL,NULL,1,1400029),(411,'2021-04-14 09:07:49','2021-04-16 11:20:02','POELS','REDOUANE',NULL,NULL,NULL,1,1400028),(412,'2021-04-14 09:07:49','2021-04-16 11:20:02','PEREZ','PAUL',NULL,NULL,NULL,1,1400027),(413,'2021-04-14 09:07:49','2021-04-16 11:20:02','OURAD','PIERRE',NULL,NULL,NULL,1,1400026),(414,'2021-04-14 09:07:49','2021-04-16 11:20:02','OUAKI','SANDRINE',NULL,NULL,NULL,1,1400025),(415,'2021-04-14 09:07:49','2021-04-16 11:20:02','MALKA','ANNE',NULL,NULL,NULL,1,1400024),(416,'2021-04-14 09:07:49','2021-04-16 11:20:02','MAIGRE','SANDRA',NULL,NULL,NULL,1,1400023),(417,'2021-04-14 09:07:49','2021-04-16 11:20:02','LELINOWSKI','ANTENAINA',NULL,NULL,NULL,1,1400022),(418,'2021-04-14 09:07:49','2021-04-16 11:20:02','LANCRI','RICHARD',NULL,NULL,NULL,1,1400021),(419,'2021-04-14 09:07:49','2021-04-16 11:20:02','JIAN','FLORENCE',NULL,NULL,NULL,1,1400020),(420,'2021-04-14 09:07:49','2021-04-16 11:20:02','ISRAEL','RAPHAEL',NULL,NULL,NULL,1,1400019),(421,'2021-04-14 09:07:49','2021-04-16 11:20:02','HALIMI','CHARLES-HENRI',NULL,NULL,NULL,1,1400018),(422,'2021-04-14 09:07:49','2021-04-16 11:20:02','HAIUN','RODOLPHE',NULL,NULL,NULL,1,1400017),(423,'2021-04-14 09:07:49','2021-04-16 11:20:02','GUENOUN','JONAS',NULL,NULL,NULL,1,1400016),(424,'2021-04-14 09:07:49','2021-04-16 11:20:02','GABAI','BRENDA',NULL,NULL,NULL,1,1400015),(425,'2021-04-14 09:07:49','2021-04-16 11:20:02','ELHARRAR','ANAIS',NULL,NULL,NULL,1,1400014),(426,'2021-04-14 09:07:49','2021-04-16 11:20:02','ELBAZ','ANNE',NULL,NULL,NULL,1,1400013),(427,'2021-04-14 09:07:49','2021-04-16 11:20:02','DVORAN','ELSA',NULL,NULL,NULL,1,1400012),(428,'2021-04-14 09:07:50','2021-04-16 11:20:02','DAYAN','JULIUS',NULL,NULL,NULL,1,1400011),(429,'2021-04-14 09:07:50','2021-04-16 11:20:02','DAHAN','ALEXIS',NULL,NULL,NULL,1,1400010),(430,'2021-04-14 09:07:50','2021-04-16 11:20:02','COHEN','AMINA',NULL,NULL,NULL,1,1400009),(431,'2021-04-14 09:07:50','2021-04-16 11:20:02','CABALO','DAVID',NULL,NULL,NULL,1,1400008),(432,'2021-04-14 09:07:50','2021-04-16 11:20:02','BIDOUDANE','MOUNA',NULL,NULL,NULL,1,1400007),(433,'2021-04-14 09:07:50','2021-04-16 11:20:02','BERGUIG','JULIEN',NULL,NULL,NULL,1,1400006),(434,'2021-04-14 09:07:50','2021-04-16 11:20:02','BENITAH','HOANG MINH',NULL,NULL,NULL,1,1400005),(435,'2021-04-14 09:07:50','2021-04-16 11:20:02','BARICHASSE','MARC PHILIPPE',NULL,NULL,NULL,1,1400004),(436,'2021-04-14 09:07:50','2021-04-16 11:20:02','ATTALI','ZOE',NULL,NULL,NULL,1,1400003),(437,'2021-04-14 09:07:50','2021-04-16 11:20:02','AMAR','ESMA',NULL,NULL,NULL,1,1400002),(438,'2021-04-14 09:07:50','2021-04-16 11:20:02','ABTANNATRE','PIERRE',NULL,NULL,NULL,1,1400001),(439,'2021-04-14 09:07:50','2021-04-16 11:20:02','TRAN','MAXIME',NULL,NULL,NULL,1,1300034),(440,'2021-04-14 09:07:50','2021-04-16 11:20:02','TANG','JONATHAN',NULL,NULL,NULL,1,1300033),(441,'2021-04-14 09:07:50','2021-04-16 11:20:02','TAN','ALBANE',NULL,NULL,NULL,1,1300032),(442,'2021-04-14 09:07:50','2021-04-16 11:20:02','TA','JOHANNA',NULL,NULL,NULL,1,1300031),(443,'2021-04-14 09:07:50','2021-04-16 11:20:02','SEBBAN','MARGAUX',NULL,NULL,NULL,1,1300030),(444,'2021-04-14 09:07:50','2021-04-16 11:20:02','SAAD','ALEXIS',NULL,NULL,NULL,1,1300029),(445,'2021-04-14 09:07:50','2021-04-16 11:20:02','RICARD','CHERISSA',NULL,NULL,NULL,1,1300028),(446,'2021-04-14 09:07:50','2021-04-16 11:20:02','RECHTER','ALEXANDRE',NULL,NULL,NULL,1,1300027),(447,'2021-04-14 09:07:50','2021-04-16 11:20:02','RAFHI','DANIEL',NULL,NULL,NULL,1,1300026),(448,'2021-04-14 09:07:50','2021-04-16 11:20:02','RACHIDI','SARA',NULL,NULL,NULL,1,1300025),(449,'2021-04-14 09:07:50','2021-04-16 11:20:02','QUENARDEL','JOSEPH',NULL,NULL,NULL,1,1300024),(450,'2021-04-14 09:07:50','2021-04-16 11:20:02','PEYRE','SYLVIA JU CHEN',NULL,NULL,NULL,1,1300023),(451,'2021-04-14 09:07:50','2021-04-16 11:20:02','PERRINE','ALEXIS',NULL,NULL,NULL,1,1300022),(452,'2021-04-14 09:07:50','2021-04-16 11:20:02','OZKAN','CHRISTELLE',NULL,NULL,NULL,1,1300021),(453,'2021-04-14 09:07:50','2021-04-16 11:20:02','NOUBOUSSI NANDJOU ','OUMEYA',NULL,NULL,NULL,1,1300020),(454,'2021-04-14 09:07:50','2021-04-16 11:20:02','MISRAHI','MATTHIEU',NULL,NULL,NULL,1,1300019),(455,'2021-04-14 09:07:50','2021-04-16 11:20:02','MILLON DE VILLEROY','ZEINA',NULL,NULL,NULL,1,1300018),(456,'2021-04-14 09:07:50','2021-04-16 11:20:02','MESTARI','SYLVIE',NULL,NULL,NULL,1,1300017),(457,'2021-04-14 09:07:50','2021-04-16 11:20:02','MAJMAN','HOUSSIN',NULL,NULL,NULL,1,1300016),(458,'2021-04-14 09:07:50','2021-04-16 11:20:02','LEE','AMINA',NULL,NULL,NULL,1,1300015),(459,'2021-04-14 09:07:50','2021-04-16 11:20:02','KOITA','SUKRAN',NULL,NULL,NULL,1,1300014),(460,'2021-04-14 09:07:50','2021-04-16 11:20:02','FAUCHER','PAUL',NULL,NULL,NULL,1,1300013),(461,'2021-04-14 09:07:50','2021-04-16 11:20:02','DOWNEY','PAUL',NULL,NULL,NULL,1,1300012),(462,'2021-04-14 09:07:50','2021-04-16 11:20:02','DOKMECI','KEVIN',NULL,NULL,NULL,1,1300011),(463,'2021-04-14 09:07:50','2021-04-16 11:20:02','DINH','MOHAMED',NULL,NULL,NULL,1,1300010),(464,'2021-04-14 09:07:50','2021-04-16 11:20:02','BERNARD','SARAH',NULL,NULL,NULL,1,1300009),(465,'2021-04-14 09:07:50','2021-04-16 11:20:02','BENMANSOUR','THIERRY',NULL,NULL,NULL,1,1300008),(466,'2021-04-14 09:07:50','2021-04-16 11:20:02','BATAILLE','AUDREY',NULL,NULL,NULL,1,1300007),(467,'2021-04-14 09:07:50','2021-04-16 11:20:02','BARBEROT','ERIC',NULL,NULL,NULL,1,1300006),(468,'2021-04-14 09:07:50','2021-04-16 11:20:02','BACHA','LEA',NULL,NULL,NULL,1,1300005),(469,'2021-04-14 09:07:50','2021-04-16 11:20:02','AUBEL','SEBASTIEN',NULL,NULL,NULL,1,1300004),(470,'2021-04-14 09:07:50','2021-04-16 11:20:02','ARAAR','SEBASTIEN',NULL,NULL,NULL,1,1300003),(471,'2021-04-14 09:07:50','2021-04-16 11:20:02','AMIRAULT','YU CHEN',NULL,NULL,NULL,1,1300002),(472,'2021-04-14 09:07:50','2021-04-16 11:20:02','ADJIR','LOUIS',NULL,NULL,NULL,1,1300001),(473,'2021-04-14 09:07:50','2021-04-16 11:20:02','ZRIHEN','SHARON',NULL,NULL,NULL,1,1200034),(474,'2021-04-14 09:07:50','2021-04-16 11:20:02','WU','KALINA',NULL,NULL,NULL,1,1200033),(475,'2021-04-14 09:07:50','2021-04-16 11:20:02','VAN NGOC','SELWA',NULL,NULL,NULL,1,1200032),(476,'2021-04-14 09:07:50','2021-04-16 11:20:02','UN','GUILLAUME',NULL,NULL,NULL,1,1200031),(477,'2021-04-14 09:07:50','2021-04-16 11:20:02','TO','ELIE',NULL,NULL,NULL,1,1200030),(478,'2021-04-14 09:07:50','2021-04-16 11:20:02','SHEHATA','DAVID',NULL,NULL,NULL,1,1200029),(479,'2021-04-14 09:07:50','2021-04-16 11:20:02','REKAI','REMY',NULL,NULL,NULL,1,1200028),(480,'2021-04-14 09:07:50','2021-04-16 11:20:02','RECLUS','JENNIFER',NULL,NULL,NULL,1,1200027),(481,'2021-04-14 09:07:50','2021-04-16 11:20:02','PIRES','BRENDA',NULL,NULL,NULL,1,1200026),(482,'2021-04-14 09:07:50','2021-04-16 11:20:02','PILLA','SANDY',NULL,NULL,NULL,1,1200025),(483,'2021-04-14 09:07:50','2021-04-16 11:20:02','OVERHOFF','ANNE',NULL,NULL,NULL,1,1200024),(484,'2021-04-14 09:07:50','2021-04-16 11:20:02','MONTERO','FANNY',NULL,NULL,NULL,1,1200023),(485,'2021-04-14 09:07:50','2021-04-16 11:20:02','MAJOR','MICKAEL',NULL,NULL,NULL,1,1200022),(486,'2021-04-14 09:07:50','2021-04-16 11:20:02','M BAYE','ARTHUR',NULL,NULL,NULL,1,1200021),(487,'2021-04-14 09:07:50','2021-04-16 11:20:02','LY','LAURA',NULL,NULL,NULL,1,1200020),(488,'2021-04-14 09:07:50','2021-04-16 11:20:02','LOGANAYAGAM','MARIE CAPUCINE',NULL,NULL,NULL,1,1200019),(489,'2021-04-14 09:07:50','2021-04-16 11:20:02','LAM','GUILLAUME',NULL,NULL,NULL,1,1200018),(490,'2021-04-14 09:07:50','2021-04-16 11:20:02','KOON','ALEXANDRE',NULL,NULL,NULL,1,1200017),(491,'2021-04-14 09:07:50','2021-04-16 11:20:02','KHAM','LYDIA',NULL,NULL,NULL,1,1200016),(492,'2021-04-14 09:07:50','2021-04-16 11:20:02','HUMBLOT','CAROLINE',NULL,NULL,NULL,1,1200015),(493,'2021-04-14 09:07:50','2021-04-16 11:20:02','GRANIER','SONIA',NULL,NULL,NULL,1,1200014),(494,'2021-04-14 09:07:50','2021-04-16 11:20:02','DURAND','VIRGINIE',NULL,NULL,NULL,1,1200013),(495,'2021-04-14 09:07:50','2021-04-16 11:20:02','DROBICH','SYLVIE',NULL,NULL,NULL,1,1200012),(496,'2021-04-14 09:07:50','2021-04-16 11:20:02','DHONT','SOPHIE',NULL,NULL,NULL,1,1200011),(497,'2021-04-14 09:07:50','2021-04-16 11:20:02','DELAISEMENT','FIONA',NULL,NULL,NULL,1,1200010),(498,'2021-04-14 09:07:50','2021-04-16 11:20:02','DAO','PIERRE',NULL,NULL,NULL,1,1200009),(499,'2021-04-14 09:07:50','2021-04-16 11:20:02','CHOUCHENE','SOPHIE',NULL,NULL,NULL,1,1200008),(500,'2021-04-14 09:07:50','2021-04-16 11:20:02','CHHOM','LAURENT',NULL,NULL,NULL,1,1200007),(501,'2021-04-14 09:07:50','2021-04-16 11:20:02','BURGOS','PAUL',NULL,NULL,NULL,1,1200006),(502,'2021-04-14 09:07:50','2021-04-16 11:20:02','BOUZAMITA','MESSAOUD',NULL,NULL,NULL,1,1200005),(503,'2021-04-14 09:07:50','2021-04-16 11:20:02','BENYOUNES','MICKAEL',NULL,NULL,NULL,1,1200004),(504,'2021-04-14 09:07:50','2021-04-16 11:20:02','BENHAMOU','FANTA',NULL,NULL,NULL,1,1200003),(505,'2021-04-14 09:07:50','2021-04-16 11:20:02','ANDREASIK','BENJAMIN',NULL,NULL,NULL,1,1200002),(506,'2021-04-14 09:07:50','2021-04-16 11:20:02','AGBO','LAURENT',NULL,NULL,NULL,1,1200001),(507,'2021-04-14 09:07:50','2021-04-16 11:20:02','ZEKRAOUI','FETHIA',NULL,NULL,NULL,1,1100034),(508,'2021-04-14 09:07:50','2021-04-16 11:20:02','YALAP','GUILLAUME',NULL,NULL,NULL,1,1100033),(509,'2021-04-14 09:07:50','2021-04-16 11:20:02','YADANE','MATHIEU',NULL,NULL,NULL,1,1100032),(510,'2021-04-14 09:07:50','2021-04-16 11:20:02','VIDONJA','KATARZYNA',NULL,NULL,NULL,1,1100031),(511,'2021-04-14 09:07:50','2021-04-16 11:20:02','TUNCER','LAURA',NULL,NULL,NULL,1,1100030),(512,'2021-04-14 09:07:50','2021-04-16 11:20:02','SEBTI','LENOI DANIEL',NULL,NULL,NULL,1,1100029),(513,'2021-04-14 09:07:50','2021-04-16 11:20:02','SEBAOUN','SHEHERAZADE',NULL,NULL,NULL,1,1100028),(514,'2021-04-14 09:07:50','2021-04-16 11:20:02','SAUVAGEOT','LAETITIA',NULL,NULL,NULL,1,1100027),(515,'2021-04-14 09:07:50','2021-04-16 11:20:02','SAR','JOHANN',NULL,NULL,NULL,1,1100026),(516,'2021-04-14 09:07:51','2021-04-16 11:20:02','ROSSILLE','ALEXANDRA',NULL,NULL,NULL,1,1100025),(517,'2021-04-14 09:07:51','2021-04-16 11:20:02','ROLLOY','LAVENYA',NULL,NULL,NULL,1,1100024),(518,'2021-04-14 09:07:51','2021-04-16 11:20:02','ROCHE','MOHAMED',NULL,NULL,NULL,1,1100023),(519,'2021-04-14 09:07:51','2021-04-16 11:20:02','RAGBI','MEHDI',NULL,NULL,NULL,1,1100022),(520,'2021-04-14 09:07:51','2021-04-16 11:20:02','PAROLDI','ANNA',NULL,NULL,NULL,1,1100021),(521,'2021-04-14 09:07:51','2021-04-16 11:20:02','MOREAU DE BONREPOS ','CELINE',NULL,NULL,NULL,1,1100020),(522,'2021-04-14 09:07:51','2021-04-16 11:20:02','MEKAM KAMTO','ANASTASIA',NULL,NULL,NULL,1,1100019),(523,'2021-04-14 09:07:51','2021-04-16 11:20:02','MEDILAH','GABRIELLE',NULL,NULL,NULL,1,1100018),(524,'2021-04-14 09:07:51','2021-04-16 11:20:02','LEE','AADAL',NULL,NULL,NULL,1,1100017),(525,'2021-04-14 09:07:51','2021-04-16 11:20:02','JADACH','GERALDINE',NULL,NULL,NULL,1,1100016),(526,'2021-04-14 09:07:51','2021-04-16 11:20:02','JACOB','AWATIF',NULL,NULL,NULL,1,1100015),(527,'2021-04-14 09:07:51','2021-04-16 11:20:02','HUET','LUDOVIC',NULL,NULL,NULL,1,1100014),(528,'2021-04-14 09:07:51','2021-04-16 11:20:02','HO','FLORENT',NULL,NULL,NULL,1,1100013),(529,'2021-04-14 09:07:51','2021-04-16 11:20:02','HERNOULT','DORIAN',NULL,NULL,NULL,1,1100012),(530,'2021-04-14 09:07:51','2021-04-16 11:20:02','HANNI','SANDRA',NULL,NULL,NULL,1,1100011),(531,'2021-04-14 09:07:51','2021-04-16 11:20:02','GIRARD','LIONEL',NULL,NULL,NULL,1,1100010),(532,'2021-04-14 09:07:51','2021-04-16 11:20:02','GALOPIN','HENRI',NULL,NULL,NULL,1,1100009),(533,'2021-04-14 09:07:51','2021-04-16 11:20:02','FRARMA','JEAN-REMY',NULL,NULL,NULL,1,1100008),(534,'2021-04-14 09:07:51','2021-04-16 11:20:02','FAVENNEC','BRUNO',NULL,NULL,NULL,1,1100007),(535,'2021-04-14 09:07:51','2021-04-16 11:20:02','EDERY','COME',NULL,NULL,NULL,1,1100006),(536,'2021-04-14 09:07:51','2021-04-16 11:20:02','DOAN','DAMIEN',NULL,NULL,NULL,1,1100005),(537,'2021-04-14 09:07:51','2021-04-16 11:20:02','DJOUADI','FLORIAN',NULL,NULL,NULL,1,1100004),(538,'2021-04-14 09:07:51','2021-04-16 11:20:02','DE CARVALHO','SANA',NULL,NULL,NULL,1,1100003),(539,'2021-04-14 09:07:51','2021-04-16 11:20:02','CHUANG','ERNEST',NULL,NULL,NULL,1,1100002),(540,'2021-04-14 09:07:51','2021-04-16 11:20:02','BERDAH','FRANCOIS-XAVIER',NULL,NULL,NULL,1,1100001),(541,'2021-04-14 09:07:51','2021-04-16 11:20:02','PEYRARD','MAYURI',NULL,NULL,NULL,1,180002),(542,'2021-04-19 19:52:59',NULL,'Carrieres','Adrian-Paul',NULL,NULL,NULL,NULL,10000),(543,'2021-04-19 19:58:56',NULL,'Carrieres','Adrian-Paul',NULL,NULL,NULL,NULL,10001),(544,'2021-04-19 20:16:03',NULL,'Carrieres','Adrian-Paul',NULL,NULL,NULL,NULL,10001),(545,'2021-04-19 20:19:06',NULL,'Carrieres','Adrian-Paul',NULL,NULL,NULL,NULL,10001);
/*!40000 ALTER TABLE `etudiant` ENABLE KEYS */;
UNLOCK TABLES;

--
-- Table structure for table `groupe`
--

DROP TABLE IF EXISTS `groupe`;
/*!40101 SET @saved_cs_client     = @@character_set_client */;
/*!40101 SET character_set_client = utf8 */;
CREATE TABLE `groupe` (
  `id` int(11) NOT NULL AUTO_INCREMENT,
  `createdAt` datetime NOT NULL DEFAULT current_timestamp(),
  `updatedAt` datetime DEFAULT NULL ON UPDATE current_timestamp(),
  `nom` text NOT NULL,
  PRIMARY KEY (`id`)
) ENGINE=InnoDB AUTO_INCREMENT=2 DEFAULT CHARSET=utf8mb4;
/*!40101 SET character_set_client = @saved_cs_client */;

--
-- Dumping data for table `groupe`
--

LOCK TABLES `groupe` WRITE;
/*!40000 ALTER TABLE `groupe` DISABLE KEYS */;
INSERT INTO `groupe` VALUES (1,'2021-04-16 09:29:50',NULL,'');
/*!40000 ALTER TABLE `groupe` ENABLE KEYS */;
UNLOCK TABLES;

--
-- Table structure for table `lot`
--

DROP TABLE IF EXISTS `lot`;
/*!40101 SET @saved_cs_client     = @@character_set_client */;
/*!40101 SET character_set_client = utf8 */;
CREATE TABLE `lot` (
  `id` int(11) NOT NULL AUTO_INCREMENT,
  `createdAt` datetime NOT NULL DEFAULT current_timestamp(),
  `updatedAt` datetime DEFAULT NULL ON UPDATE current_timestamp(),
  `correcteurId` int(11) DEFAULT NULL,
  `copiesId` int(11) DEFAULT NULL,
  `sallesId` int(11) DEFAULT NULL,
  `numLot` text DEFAULT NULL,
  PRIMARY KEY (`id`),
  KEY `FK_5d4e3a8d45ab629587dcff5894a` (`correcteurId`),
  KEY `FK_39409dd8a98fa317cc71ea4ba64` (`copiesId`),
  KEY `FK_049c021f52d2172d137995a18ab` (`sallesId`),
  CONSTRAINT `FK_049c021f52d2172d137995a18ab` FOREIGN KEY (`sallesId`) REFERENCES `salle` (`id`) ON DELETE NO ACTION ON UPDATE NO ACTION,
  CONSTRAINT `FK_39409dd8a98fa317cc71ea4ba64` FOREIGN KEY (`copiesId`) REFERENCES `copie` (`id`) ON DELETE NO ACTION ON UPDATE NO ACTION,
  CONSTRAINT `FK_5d4e3a8d45ab629587dcff5894a` FOREIGN KEY (`correcteurId`) REFERENCES `correcteur` (`id`) ON DELETE NO ACTION ON UPDATE NO ACTION
) ENGINE=InnoDB AUTO_INCREMENT=2 DEFAULT CHARSET=utf8mb4;
/*!40101 SET character_set_client = @saved_cs_client */;

--
-- Dumping data for table `lot`
--

LOCK TABLES `lot` WRITE;
/*!40000 ALTER TABLE `lot` DISABLE KEYS */;
INSERT INTO `lot` VALUES (1,'2021-04-16 09:12:24',NULL,NULL,NULL,NULL,'XHAZE');
/*!40000 ALTER TABLE `lot` ENABLE KEYS */;
UNLOCK TABLES;

--
-- Table structure for table `note`
--

DROP TABLE IF EXISTS `note`;
/*!40101 SET @saved_cs_client     = @@character_set_client */;
/*!40101 SET character_set_client = utf8 */;
CREATE TABLE `note` (
  `id` int(11) NOT NULL AUTO_INCREMENT,
  `createdAt` datetime NOT NULL DEFAULT current_timestamp(),
  `updatedAt` datetime DEFAULT NULL ON UPDATE current_timestamp(),
  `montant` int(11) NOT NULL,
  PRIMARY KEY (`id`)
) ENGINE=InnoDB DEFAULT CHARSET=utf8mb4;
/*!40101 SET character_set_client = @saved_cs_client */;

--
-- Dumping data for table `note`
--

LOCK TABLES `note` WRITE;
/*!40000 ALTER TABLE `note` DISABLE KEYS */;
/*!40000 ALTER TABLE `note` ENABLE KEYS */;
UNLOCK TABLES;

--
-- Table structure for table `salle`
--

DROP TABLE IF EXISTS `salle`;
/*!40101 SET @saved_cs_client     = @@character_set_client */;
/*!40101 SET character_set_client = utf8 */;
CREATE TABLE `salle` (
  `id` int(11) NOT NULL AUTO_INCREMENT,
  `createdAt` datetime NOT NULL DEFAULT current_timestamp(),
  `updatedAt` datetime DEFAULT NULL ON UPDATE current_timestamp(),
  `designation` text NOT NULL,
  `capaciteOrdinateur` int(11) NOT NULL,
  `emplacement` text NOT NULL,
  PRIMARY KEY (`id`)
) ENGINE=InnoDB DEFAULT CHARSET=utf8mb4;
/*!40101 SET character_set_client = @saved_cs_client */;

--
-- Dumping data for table `salle`
--

LOCK TABLES `salle` WRITE;
/*!40000 ALTER TABLE `salle` DISABLE KEYS */;
/*!40000 ALTER TABLE `salle` ENABLE KEYS */;
UNLOCK TABLES;

--
-- Table structure for table `ufr`
--

DROP TABLE IF EXISTS `ufr`;
/*!40101 SET @saved_cs_client     = @@character_set_client */;
/*!40101 SET character_set_client = utf8 */;
CREATE TABLE `ufr` (
  `id` int(11) NOT NULL AUTO_INCREMENT,
  `createdAt` datetime NOT NULL DEFAULT current_timestamp(),
  `updatedAt` datetime DEFAULT NULL ON UPDATE current_timestamp(),
  `nom` text NOT NULL,
  PRIMARY KEY (`id`)
) ENGINE=InnoDB DEFAULT CHARSET=utf8mb4;
/*!40101 SET character_set_client = @saved_cs_client */;

--
-- Dumping data for table `ufr`
--

LOCK TABLES `ufr` WRITE;
/*!40000 ALTER TABLE `ufr` DISABLE KEYS */;
/*!40000 ALTER TABLE `ufr` ENABLE KEYS */;
UNLOCK TABLES;

--
-- Table structure for table `vague`
--

DROP TABLE IF EXISTS `vague`;
/*!40101 SET @saved_cs_client     = @@character_set_client */;
/*!40101 SET character_set_client = utf8 */;
CREATE TABLE `vague` (
  `id` int(11) NOT NULL AUTO_INCREMENT,
  `createdAt` datetime NOT NULL DEFAULT current_timestamp(),
  `updatedAt` datetime DEFAULT NULL ON UPDATE current_timestamp(),
  `debutVague` datetime NOT NULL,
  `finVague` datetime NOT NULL,
  PRIMARY KEY (`id`)
) ENGINE=InnoDB AUTO_INCREMENT=2 DEFAULT CHARSET=utf8mb4;
/*!40101 SET character_set_client = @saved_cs_client */;

--
-- Dumping data for table `vague`
--

LOCK TABLES `vague` WRITE;
/*!40000 ALTER TABLE `vague` DISABLE KEYS */;
INSERT INTO `vague` VALUES (1,'2021-04-16 09:31:43',NULL,'2021-04-16 10:30:00','2021-04-16 12:00:00');
/*!40000 ALTER TABLE `vague` ENABLE KEYS */;
UNLOCK TABLES;
/*!40103 SET TIME_ZONE=@OLD_TIME_ZONE */;

/*!40101 SET SQL_MODE=@OLD_SQL_MODE */;
/*!40014 SET FOREIGN_KEY_CHECKS=@OLD_FOREIGN_KEY_CHECKS */;
/*!40014 SET UNIQUE_CHECKS=@OLD_UNIQUE_CHECKS */;
/*!40101 SET CHARACTER_SET_CLIENT=@OLD_CHARACTER_SET_CLIENT */;
/*!40101 SET CHARACTER_SET_RESULTS=@OLD_CHARACTER_SET_RESULTS */;
/*!40101 SET COLLATION_CONNECTION=@OLD_COLLATION_CONNECTION */;
/*!40111 SET SQL_NOTES=@OLD_SQL_NOTES */;

-- Dump completed on 2021-04-19 20:30:08
